area_sqft,bedrooms,bathrooms,stories,garage,age_years,distance_to_city_km,school_rating,crime_rate,location,price
990,6,2,2,1,20,18.49,10,8.74,Uptown,207700.0
4756,1,4,3,2,13,5.19,6,2.46,Downtown,659100.0
4100,3,1,2,0,31,22.98,1,4.89,Uptown,503500.0
2913,3,2,2,1,39,6.68,9,0.3,Industrial,336700.0
2881,5,4,2,2,15,2.91,10,0.09,Rural,426100.0
5222,1,4,1,2,46,20.2,3,7.05,Downtown,669400.0
972,3,2,1,1,38,26.39,5,1.18,Uptown,161800.0
4335,1,3,3,0,9,34.24,1,5.48,Rural,500800.0
1608,5,1,1,0,56,31.42,9,6.96,Suburb,198300.0
1017,4,1,1,1,2,34.36,8,0.32,Uptown,184600.0
3395,3,2,2,1,39,30.52,1,4.49,Suburb,425900.0
5865,3,4,3,0,26,28.28,8,6.84,Uptown,794700.0
4546,1,3,2,0,39,0.9,5,8.9,Rural,531100.0
4686,6,2,2,1,46,25.23,6,2.99,Suburb,638000.0
4446,4,2,2,2,41,5.26,3,9.74,Industrial,508300.0
4823,2,1,1,0,39,2.82,9,8.45,Suburb,572500.0
3322,3,2,1,1,50,6.68,5,6.51,Suburb,395800.0
1204,5,1,1,0,42,33.02,9,3.92,Suburb,160800.0
5118,5,1,3,0,48,29.88,2,7.11,Downtown,679100.0
2977,3,3,3,1,24,37.98,6,8.16,Rural,350100.0
3251,2,1,1,0,12,39.17,4,3.03,Suburb,379400.0
2539,4,1,1,0,14,35.78,10,9.93,Uptown,336100.0
1504,4,3,1,2,36,5.75,6,9.09,Industrial,199600.0
5597,4,2,3,0,31,35.2,8,4.86,Uptown,736800.0
4798,1,2,2,0,4,33.63,1,7.23,Downtown,600600.0
4041,3,1,3,2,12,34.91,7,5.24,Rural,469000.0
2713,4,1,2,1,58,6.49,2,7.61,Downtown,338500.0
5025,6,2,3,0,43,5.11,4,8.27,Uptown,686800.0
3499,4,3,2,1,45,36.99,3,0.23,Suburb,444100.0
2938,3,2,1,1,11,7.37,1,0.79,Uptown,414500.0
2977,4,3,3,0,3,15.06,6,3.36,Suburb,459100.0
1749,2,3,3,1,17,18.51,3,9.18,Suburb,262500.0
1006,1,2,3,1,51,5.42,6,3.98,Industrial,96200.0
3550,5,2,3,0,30,1.32,8,8.88,Suburb,483100.0
5383,6,2,1,2,47,39.77,2,4.62,Uptown,662900.0
850,6,1,1,1,29,35.13,8,2.89,Uptown,158200.0
5220,4,3,2,2,29,36.54,3,9.01,Suburb,617500.0
5051,1,3,1,0,36,11.74,4,5.61,Suburb,584600.0
2022,6,2,2,0,57,9.19,6,3.6,Suburb,251200.0
3974,3,2,1,2,26,17.32,7,0.44,Uptown,558400.0
1408,2,2,2,2,35,18.41,7,1.11,Industrial,142400.0
4669,6,3,2,0,55,0.72,2,1.39,Suburb,629400.0
4352,5,4,2,2,22,31.28,6,3.65,Rural,546400.0
2449,5,1,3,0,50,39.87,3,6.07,Suburb,311200.0
873,2,2,2,1,32,21.38,3,3.08,Rural,84100.0
5838,6,1,2,0,52,15.84,10,0.66,Uptown,745100.0
2951,3,2,1,1,28,16.01,2,2.65,Uptown,411500.0
5412,4,1,2,2,37,4.3,5,4.09,Suburb,708200.0
4228,5,2,1,2,19,11.01,5,9.92,Suburb,538500.0
4781,4,2,1,2,38,20.33,3,3.93,Suburb,587100.0
4679,2,2,2,0,19,17.56,8,0.89,Downtown,625800.0
1570,2,2,1,2,36,22.03,5,5.81,Suburb,192300.0
2501,3,4,2,1,47,34.04,8,9.2,Uptown,332000.0
3066,6,4,1,1,26,9.4,4,7.87,Suburb,419400.0
3237,5,1,3,2,25,1.59,9,8.36,Suburb,429500.0
740,3,2,3,1,19,2.01,8,9.28,Rural,109000.0
3506,5,4,1,1,43,5.8,4,6.37,Downtown,505900.0
1348,5,3,2,1,35,23.03,10,9.95,Suburb,203800.0
4588,3,1,2,1,30,32.42,9,0.33,Uptown,597500.0
4256,3,3,2,2,1,35.53,6,8.35,Downtown,575100.0
5573,6,1,2,1,6,25.59,1,8.57,Suburb,696400.0
4596,4,1,3,1,0,16.42,6,9.17,Suburb,627300.0
2516,1,3,2,0,51,6.6,7,4.78,Downtown,328600.0
5821,5,3,1,1,51,16.36,4,7.88,Suburb,724000.0
2759,4,4,2,2,4,13.63,2,1.95,Downtown,439000.0
2292,4,2,1,1,2,34.87,6,6.03,Suburb,319800.0
5480,5,4,2,0,46,19.73,9,3.59,Uptown,717000.0
2537,6,2,1,1,31,9.43,4,5.96,Suburb,343600.0
919,2,3,1,2,18,11.91,5,6.76,Suburb,144100.0
3082,3,1,3,0,36,5.89,1,3.47,Suburb,375800.0
4876,2,1,1,0,14,36.78,8,2.16,Industrial,573300.0
1542,4,4,3,1,11,2.49,9,3.22,Downtown,324400.0
3046,3,4,3,1,22,1.01,8,6.64,Uptown,487900.0
1214,3,4,2,0,53,7.73,5,6.77,Suburb,166600.0
4275,5,2,3,2,46,32.53,1,7.41,Industrial,454100.0
3116,3,1,1,2,11,21.18,5,1.27,Suburb,432200.0
2316,3,4,1,1,33,25.22,10,8.19,Downtown,344000.0
1748,3,3,1,1,53,14.63,1,6.88,Suburb,229900.0
3604,2,1,2,0,57,3.21,3,0.31,Downtown,487500.0
4183,1,4,2,2,45,34.32,9,3.36,Uptown,530500.0
5671,5,4,3,2,7,8.08,6,4.67,Rural,761300.0
2904,1,2,2,1,14,1.81,2,3.61,Rural,343600.0
1383,2,4,1,1,13,23.12,1,1.17,Downtown,230700.0
5079,5,4,3,2,9,3.79,5,2.07,Rural,693400.0
3963,1,3,3,2,10,4.28,6,0.25,Suburb,559300.0
4351,4,3,3,0,18,32.11,9,0.93,Industrial,563100.0
1034,5,2,2,2,33,19.92,9,2.66,Rural,160200.0
2218,4,4,2,2,23,10.04,5,8.2,Suburb,358100.0
4723,2,4,2,2,25,14.27,5,5.27,Uptown,621300.0
5077,1,4,3,1,14,29.31,10,4.24,Suburb,635800.0
2893,6,3,1,1,9,3.12,8,6.62,Suburb,413800.0
4926,2,1,3,0,59,5.1,3,5.42,Downtown,636600.0
5129,5,2,1,1,35,24.84,7,1.32,Rural,630600.0
2631,2,2,2,0,13,24.48,8,2.23,Suburb,357900.0
5439,1,4,1,1,48,38.91,3,2.23,Downtown,661800.0
2085,5,3,2,0,49,15.29,10,6.0,Uptown,306900.0
1817,6,3,3,1,58,3.07,3,4.62,Downtown,281900.0
4253,6,1,3,1,9,21.73,6,3.88,Rural,562400.0
4002,5,4,3,0,38,25.71,5,5.57,Downtown,553300.0
1268,2,2,1,2,58,6.01,7,9.7,Suburb,155800.0
5080,6,1,1,1,48,22.34,10,3.14,Uptown,674700.0
1599,5,4,3,2,13,8.31,4,5.2,Downtown,301700.0
4926,2,1,2,0,53,33.87,4,4.8,Rural,514900.0
540,1,1,1,2,25,33.49,8,7.17,Rural,25000.0
4882,6,1,3,0,29,17.47,10,7.3,Uptown,709100.0
4828,2,2,2,1,33,38.69,10,7.29,Downtown,646800.0
4792,5,1,1,1,46,39.2,8,2.02,Uptown,630900.0
4156,1,4,3,1,7,5.61,8,4.49,Suburb,556900.0
3093,2,3,2,1,32,15.02,8,8.11,Suburb,398600.0
4378,2,2,2,2,49,24.21,10,3.82,Suburb,532300.0
2024,2,1,3,0,32,3.85,1,9.84,Suburb,220200.0
4794,5,2,2,2,16,15.61,6,3.65,Suburb,632500.0
3556,6,1,2,0,3,10.82,1,4.98,Downtown,536800.0
3024,6,4,2,0,32,38.11,6,4.75,Suburb,418800.0
3280,5,2,1,0,42,16.76,4,4.34,Rural,374300.0
3628,2,2,1,2,32,30.63,4,8.46,Suburb,423700.0
704,6,1,3,0,58,15.77,9,1.55,Downtown,173000.0
1268,4,1,1,1,36,5.71,8,5.68,Suburb,179100.0
1850,4,1,2,1,30,34.59,6,6.19,Suburb,237900.0
1129,5,1,1,2,3,0.52,9,8.51,Rural,195200.0
2917,5,3,1,1,33,2.71,1,6.09,Uptown,411100.0
4176,6,4,2,2,10,14.89,7,9.6,Suburb,587400.0
4099,4,4,3,2,43,27.63,2,8.72,Rural,473100.0
3091,4,2,2,2,9,14.0,3,3.49,Downtown,453200.0
5202,5,4,1,2,54,3.12,2,8.6,Industrial,596200.0
3608,2,3,1,0,18,13.05,6,9.58,Suburb,431800.0
935,2,1,1,1,26,10.18,7,2.57,Suburb,138800.0
4707,4,1,3,1,8,0.71,8,6.1,Downtown,685900.0
3660,1,3,1,0,12,21.62,5,2.82,Downtown,477700.0
3990,2,2,2,0,55,5.11,10,6.5,Uptown,518000.0
3609,5,1,1,0,17,11.86,4,0.94,Downtown,528000.0
3544,6,4,2,2,30,25.83,2,7.34,Suburb,440900.0
998,4,3,3,1,58,29.14,1,4.2,Downtown,148400.0
3575,3,3,2,0,37,10.91,2,5.87,Industrial,432800.0
4872,3,4,2,2,2,13.5,5,0.26,Uptown,693200.0
2171,5,4,1,2,21,10.25,5,6.95,Uptown,314600.0
3815,4,4,1,2,23,38.3,9,4.96,Uptown,535900.0
669,1,2,3,2,16,8.03,2,6.25,Uptown,114500.0
2411,4,4,1,2,14,7.74,3,3.16,Suburb,363400.0
2901,3,3,2,0,30,18.08,10,1.46,Downtown,425100.0
5905,5,3,1,2,22,7.98,1,4.35,Suburb,756600.0
1680,6,4,1,1,17,6.69,5,9.44,Suburb,260600.0
2021,6,1,2,1,24,4.29,2,2.28,Rural,272500.0
2746,4,2,3,1,20,25.79,6,6.76,Downtown,396500.0
5959,3,1,1,1,13,24.68,10,0.5,Downtown,798200.0
5193,3,2,3,1,27,26.18,3,7.18,Rural,595000.0
690,2,2,2,2,56,31.05,4,2.38,Downtown,114700.0
1786,6,4,3,0,30,13.39,5,4.52,Downtown,318800.0
5019,6,4,1,0,35,36.78,8,3.68,Downtown,659000.0
820,6,2,3,0,59,29.46,10,1.13,Rural,129100.0
5206,2,2,1,2,36,32.29,1,3.46,Downtown,645700.0
2047,2,3,3,1,13,28.98,5,3.5,Downtown,321000.0
5547,6,4,2,1,23,14.66,8,5.22,Downtown,792200.0
2114,4,4,2,1,29,11.68,1,9.72,Uptown,305300.0
2888,5,1,1,1,28,17.19,9,4.7,Downtown,446200.0
4140,3,1,2,1,8,4.33,3,9.14,Downtown,561100.0
1194,3,3,1,0,6,18.33,6,4.62,Uptown,226600.0
3563,4,2,2,0,20,2.2,10,1.08,Uptown,526300.0
3277,5,1,3,2,54,0.66,7,2.3,Downtown,485200.0
4811,3,1,1,1,43,37.29,10,4.08,Suburb,589900.0
5978,5,2,1,0,50,27.73,7,3.25,Downtown,788100.0
4153,2,2,1,1,10,22.69,3,8.66,Rural,495500.0
2750,3,3,1,1,24,13.97,7,6.79,Suburb,361100.0
2735,6,1,1,0,34,23.04,7,5.78,Uptown,370300.0
2798,6,3,1,0,26,35.72,4,4.91,Uptown,387200.0
4977,6,3,2,2,25,26.27,1,3.97,Suburb,631100.0
2266,2,2,1,0,21,24.3,7,6.12,Downtown,306800.0
1418,6,1,3,0,3,18.68,6,1.25,Uptown,237800.0
2338,6,3,3,1,51,14.16,8,1.63,Rural,294500.0
624,6,3,3,1,55,28.09,2,3.03,Uptown,148000.0
1083,1,2,2,2,4,39.25,6,1.71,Downtown,185400.0
995,5,2,1,2,24,17.28,9,6.77,Rural,179100.0
4743,6,3,3,0,31,15.99,9,0.25,Uptown,676500.0
4472,5,2,1,1,47,17.41,10,1.6,Industrial,547100.0
4332,2,2,2,0,59,17.31,3,9.03,Suburb,469000.0
3040,5,2,2,1,24,39.63,2,9.98,Suburb,372600.0
4443,1,2,3,0,44,28.42,6,4.88,Suburb,554500.0
1386,3,3,2,0,56,14.69,5,4.95,Rural,171100.0
5453,4,2,3,2,49,15.17,3,7.73,Uptown,692700.0
3255,3,2,3,0,17,17.52,2,0.36,Suburb,411300.0
5659,5,3,2,1,49,1.95,2,4.27,Downtown,733700.0
1337,2,2,3,0,24,21.35,4,1.0,Downtown,208800.0
3235,4,1,1,2,1,32.55,8,4.01,Rural,435600.0
4329,4,4,3,2,45,26.59,1,9.84,Uptown,573000.0
3225,4,1,1,1,50,8.34,2,7.54,Downtown,420700.0
2953,2,3,3,2,20,29.26,3,9.85,Suburb,364200.0
1414,2,2,2,1,27,28.92,9,7.46,Uptown,232600.0
2595,2,1,3,0,21,10.87,10,6.08,Suburb,337700.0
1813,3,1,1,0,7,25.1,5,7.54,Downtown,272900.0
2158,4,4,2,0,59,24.63,1,6.59,Suburb,258100.0
4260,3,2,3,0,1,33.67,1,4.64,Suburb,524700.0
3966,3,2,1,0,33,5.87,9,2.93,Downtown,543000.0
3839,2,3,1,0,0,8.2,5,5.2,Rural,473500.0
2489,2,1,1,1,41,19.7,1,2.58,Suburb,306100.0
5778,4,3,1,0,54,2.24,9,4.87,Rural,732500.0
982,5,2,2,1,38,16.92,6,1.46,Rural,140600.0
2384,2,3,2,1,36,31.63,4,5.65,Downtown,318900.0
1149,6,1,1,2,49,6.37,5,2.45,Downtown,203800.0
2364,4,4,1,1,58,18.67,3,2.94,Downtown,330600.0
5790,2,1,1,2,51,39.6,10,4.99,Downtown,713000.0
2514,3,3,3,1,13,20.48,8,1.63,Rural,342600.0
5497,1,3,3,0,33,20.18,2,9.62,Downtown,691800.0
3222,1,2,1,1,49,22.57,8,4.47,Rural,350600.0
4348,3,1,1,1,17,7.85,2,3.52,Downtown,580600.0
3015,3,2,1,1,40,6.31,5,0.29,Downtown,424800.0
1962,5,4,3,1,1,27.26,8,8.43,Downtown,345400.0
4703,1,4,3,1,52,16.13,1,6.26,Suburb,548800.0
5830,6,4,3,0,36,11.95,8,4.16,Rural,759900.0
1949,2,1,1,0,44,1.74,3,2.46,Uptown,228400.0
4783,1,3,2,2,49,33.92,7,7.45,Downtown,623400.0
1936,5,1,1,2,13,1.78,5,9.45,Rural,261900.0
4442,5,3,3,0,27,30.12,1,3.81,Uptown,591900.0
4839,4,2,2,2,51,15.59,8,1.35,Suburb,630200.0
2971,1,3,1,2,9,24.15,3,1.09,Downtown,410600.0
4553,1,3,3,0,49,10.28,10,0.06,Downtown,601200.0
1997,3,4,2,2,17,6.64,9,7.44,Downtown,329700.0
935,3,2,2,1,34,21.57,2,9.81,Uptown,126100.0
1030,6,2,1,2,30,27.98,7,9.93,Suburb,170400.0
2958,2,3,1,1,41,8.22,4,7.84,Suburb,352500.0
5464,2,1,3,1,50,17.74,7,1.62,Uptown,697500.0
1201,6,1,1,0,20,18.06,6,9.78,Suburb,144600.0
3006,1,3,1,0,10,9.03,3,3.28,Rural,358000.0
4372,1,4,3,1,25,22.82,7,3.34,Downtown,614500.0
1612,3,3,1,2,36,6.26,3,6.87,Suburb,213900.0
4468,3,4,2,2,45,20.64,10,0.49,Downtown,611600.0
2182,4,1,3,2,45,4.98,10,8.26,Downtown,330300.0
4947,6,2,2,1,20,19.68,2,9.97,Suburb,583500.0
3685,6,3,2,1,56,12.81,8,7.75,Rural,442300.0
3507,2,2,1,1,4,18.36,10,7.82,Rural,458200.0
1472,6,1,2,2,7,17.63,2,3.9,Rural,202900.0
3047,4,1,2,0,1,36.36,8,0.66,Downtown,448200.0
5211,1,4,2,0,55,19.85,10,7.93,Industrial,559500.0
607,6,3,1,2,10,32.83,3,5.97,Downtown,134500.0
4671,1,2,1,1,36,9.41,6,9.09,Uptown,598400.0
3210,4,2,3,1,48,14.41,8,1.16,Rural,413200.0
4457,5,1,3,2,46,3.47,4,3.05,Suburb,557500.0
4148,2,4,3,2,56,17.12,3,3.61,Suburb,499800.0
2876,2,1,1,0,3,26.91,4,6.83,Uptown,376400.0
2197,3,4,3,1,24,33.61,4,7.88,Rural,245900.0
3950,6,1,1,1,30,22.85,8,9.61,Downtown,513500.0
1271,2,2,2,2,41,25.78,4,2.95,Uptown,176100.0
3712,4,2,1,2,37,7.5,4,4.94,Downtown,519900.0
1020,3,4,3,1,33,1.97,10,0.29,Suburb,211400.0
4074,1,1,1,2,18,31.77,6,2.53,Rural,487800.0
3958,5,2,3,1,6,7.1,10,3.74,Uptown,568300.0
964,5,2,1,2,25,4.1,8,5.94,Suburb,180700.0
4666,4,2,3,1,15,37.53,9,4.71,Downtown,641500.0
2786,2,1,2,1,33,38.56,2,3.64,Suburb,317500.0
4827,1,4,1,1,47,24.84,10,6.24,Suburb,586200.0
728,3,2,1,2,33,15.46,10,8.29,Suburb,111100.0
1487,4,2,3,1,34,33.41,1,2.42,Suburb,147000.0
3216,4,2,1,0,2,8.59,4,3.43,Uptown,480100.0
1535,2,4,1,0,38,17.46,5,7.05,Downtown,233000.0
2314,4,2,2,1,26,14.6,5,7.78,Downtown,323700.0
4133,2,2,1,2,7,36.55,8,8.25,Suburb,528400.0
1294,5,2,1,1,12,36.83,7,2.09,Downtown,234200.0
4227,5,2,2,1,46,26.21,3,5.39,Downtown,548200.0
1068,4,1,3,2,55,4.87,7,9.0,Suburb,138900.0
1463,1,3,3,1,30,19.55,10,3.92,Suburb,222300.0
3732,6,1,3,2,58,10.19,5,4.3,Suburb,470500.0
4864,1,1,1,1,10,35.45,10,9.85,Suburb,576200.0
1438,6,1,2,2,17,5.97,7,1.13,Uptown,293500.0
2149,1,2,1,2,55,2.65,10,7.06,Suburb,266000.0
5588,4,4,3,1,10,28.32,10,8.5,Suburb,738000.0
5943,1,3,2,0,39,18.4,1,1.51,Downtown,754900.0
3695,1,4,1,1,13,33.62,9,7.14,Downtown,496600.0
2958,5,2,3,0,19,3.45,2,4.7,Suburb,401700.0
2407,5,4,1,1,28,32.14,9,8.53,Rural,313200.0
3868,1,1,1,0,21,1.97,9,9.07,Downtown,496100.0
3750,6,3,3,1,52,1.61,3,8.72,Downtown,526500.0
2121,2,4,2,1,58,18.72,1,0.64,Suburb,242100.0
625,2,3,3,0,30,9.24,5,7.57,Suburb,113300.0
1333,2,4,2,0,31,23.95,4,9.22,Industrial,139800.0
5772,3,2,3,1,3,1.52,6,6.21,Downtown,802300.0
2799,2,1,2,0,14,1.9,1,6.01,Downtown,364900.0
3152,3,4,1,2,2,29.22,1,0.45,Suburb,425000.0
3069,2,1,1,2,51,8.8,5,8.56,Downtown,376300.0
4805,1,4,3,2,13,26.43,8,0.46,Downtown,670200.0
857,3,3,1,0,20,30.12,4,3.14,Suburb,90100.0
955,5,4,2,2,50,2.84,4,9.26,Suburb,129800.0
2017,5,2,1,1,42,30.91,2,9.5,Downtown,289400.0
3176,3,4,1,1,37,11.1,3,9.92,Rural,375200.0
4191,2,1,2,0,2,15.89,3,4.76,Suburb,525100.0
3198,5,2,1,1,33,3.92,3,1.77,Downtown,449900.0
2926,5,1,2,2,33,33.63,4,4.88,Uptown,375500.0
5658,5,4,3,0,19,22.65,3,1.02,Suburb,744000.0
1385,6,3,1,0,44,20.43,7,8.73,Industrial,156400.0
3644,5,4,1,1,55,38.76,4,5.61,Uptown,484600.0
3482,6,4,1,1,15,13.71,8,4.05,Suburb,500700.0
3104,3,2,3,1,19,35.69,7,0.8,Downtown,450400.0
4941,3,1,2,1,19,28.93,7,4.05,Uptown,621400.0
1968,2,4,2,0,50,37.18,6,8.66,Suburb,218000.0
5745,2,2,1,0,4,36.36,10,7.03,Downtown,756900.0
2323,5,1,3,0,53,39.65,3,0.82,Suburb,273400.0
3497,5,4,1,0,46,5.7,10,1.6,Suburb,476900.0
3363,5,4,3,2,29,31.94,3,3.92,Uptown,475700.0
5173,2,2,1,2,35,32.28,2,1.01,Rural,616900.0
2914,3,4,3,1,53,25.95,9,9.34,Uptown,391300.0
2065,2,1,1,0,46,11.52,9,6.52,Rural,243500.0
618,6,1,1,1,16,38.62,1,0.95,Rural,87600.0
2500,2,2,2,2,3,8.57,6,7.88,Suburb,366400.0
5044,1,3,1,0,39,20.23,6,3.68,Industrial,563800.0
554,4,1,1,1,8,21.1,3,2.45,Industrial,66400.0
5428,6,1,2,1,5,6.89,6,5.7,Uptown,744800.0
3485,6,3,1,0,58,29.04,7,0.13,Uptown,476200.0
1271,1,4,2,1,28,4.01,6,4.65,Suburb,202800.0
2161,2,3,3,1,39,27.88,6,8.44,Suburb,269200.0
3547,1,4,1,1,13,34.02,9,9.28,Uptown,482000.0
2236,2,4,2,2,6,14.3,3,3.43,Downtown,349000.0
1097,4,3,1,1,3,28.52,7,6.42,Downtown,233800.0
4162,2,3,2,0,21,6.69,4,2.27,Suburb,553400.0
4197,1,4,1,0,0,33.91,10,5.6,Suburb,556400.0
1153,4,2,1,1,25,38.11,3,2.54,Suburb,155300.0
2046,1,1,1,2,19,6.53,9,5.71,Downtown,324800.0
1841,2,4,3,0,31,27.83,7,1.72,Downtown,278100.0
4126,1,2,1,0,35,20.48,3,9.41,Downtown,510000.0
4516,1,4,3,2,18,21.49,8,8.87,Suburb,586500.0
4498,3,2,3,1,27,28.41,3,3.37,Downtown,575900.0
5663,6,4,2,0,4,19.81,3,7.77,Rural,727600.0
4727,5,1,1,0,18,24.21,4,0.96,Downtown,620800.0
2263,1,3,3,1,58,9.62,7,7.4,Suburb,268500.0
1092,1,2,3,1,59,15.45,4,2.82,Suburb,123000.0
3880,3,2,1,1,29,34.68,6,1.36,Suburb,473800.0
5538,4,2,3,0,56,4.84,6,6.78,Uptown,706600.0
5863,5,4,3,1,30,24.1,2,4.7,Downtown,782900.0
1766,5,2,1,2,7,7.78,3,5.3,Suburb,260900.0
1800,3,4,1,0,52,33.94,4,5.21,Rural,191100.0
705,2,2,3,1,24,23.37,3,0.59,Downtown,134000.0
1276,1,1,1,0,36,16.42,10,0.51,Uptown,224800.0
3551,1,4,2,1,38,10.37,4,6.01,Industrial,403800.0
3507,1,1,1,0,18,17.76,5,6.24,Rural,380600.0
2540,6,2,3,0,44,38.33,7,0.47,Industrial,293200.0
2204,2,4,1,2,30,20.61,8,3.78,Suburb,320900.0
5063,5,4,1,0,21,19.04,7,6.13,Suburb,657300.0
3030,4,4,1,2,17,29.98,6,6.57,Downtown,424400.0
4945,4,2,1,1,44,15.47,10,8.28,Downtown,669000.0
5797,3,4,2,1,14,17.38,9,4.21,Downtown,792100.0
2244,5,2,1,1,7,13.81,3,5.48,Suburb,331200.0
1615,1,3,3,1,52,6.46,2,5.79,Suburb,205100.0
5740,1,3,2,1,19,28.7,4,3.12,Downtown,745000.0
3991,3,1,1,2,38,34.98,9,0.54,Rural,511000.0
2100,3,2,3,2,42,36.27,10,0.04,Downtown,298200.0
3920,4,2,2,0,50,35.29,8,8.36,Suburb,458500.0
3332,5,2,3,2,37,18.35,7,2.0,Downtown,488100.0
5480,4,2,1,0,42,11.72,3,6.3,Rural,675000.0
1907,2,3,3,2,50,25.7,6,5.77,Suburb,265600.0
5952,2,1,2,0,56,38.21,2,4.0,Rural,667800.0
5648,5,1,3,0,2,29.22,6,8.33,Downtown,749300.0
1493,2,4,2,2,44,20.05,2,6.98,Suburb,173000.0
1405,4,2,3,2,10,27.71,1,0.23,Industrial,170000.0
3432,4,3,2,0,53,31.02,10,7.77,Downtown,450500.0
747,5,3,1,1,2,36.81,9,5.07,Suburb,178100.0
2143,5,3,1,1,14,30.65,7,3.47,Downtown,345200.0
2893,3,2,3,1,11,17.61,7,7.27,Downtown,430000.0
5831,2,2,3,1,36,11.31,3,6.86,Suburb,722300.0
5958,3,4,2,2,0,20.25,6,3.11,Downtown,799000.0
1333,3,4,3,2,1,13.46,8,9.83,Suburb,236500.0
5404,2,2,1,1,30,37.74,6,6.49,Uptown,648600.0
1000,4,3,1,2,58,20.56,3,6.06,Downtown,152100.0
4617,2,4,2,2,31,19.15,4,0.7,Downtown,617500.0
5151,4,1,2,0,26,14.25,9,2.79,Uptown,677100.0
5399,5,4,3,2,39,25.76,3,4.47,Suburb,693200.0
1728,6,2,3,2,33,21.04,10,6.31,Uptown,298300.0
5413,1,4,1,0,23,5.6,8,5.13,Suburb,684800.0
1137,5,3,3,2,35,34.83,9,7.63,Rural,163400.0
3353,1,4,2,2,0,14.68,6,2.63,Uptown,472800.0
3082,3,1,3,1,14,17.59,3,7.02,Downtown,442400.0
2237,2,1,1,1,40,8.62,1,8.17,Uptown,269000.0
621,1,4,1,1,20,22.36,6,7.65,Rural,61500.0
4746,2,3,1,2,3,28.23,4,7.71,Uptown,606400.0
2345,1,3,3,2,7,35.31,2,8.89,Downtown,324700.0
4139,5,1,1,2,51,2.54,10,0.84,Suburb,579000.0
2756,1,1,3,1,19,38.95,10,6.97,Downtown,379200.0
2555,3,4,3,0,1,28.3,4,9.69,Industrial,296600.0
5374,5,2,1,2,43,11.73,7,5.74,Downtown,732500.0
1019,6,3,3,0,31,8.58,5,2.17,Downtown,219200.0
4551,6,2,1,0,27,12.2,5,9.99,Uptown,606800.0
4607,1,2,1,0,53,35.09,7,1.75,Suburb,523600.0
2589,6,1,2,2,18,12.01,5,3.36,Suburb,396200.0
1943,4,4,1,1,34,18.78,9,1.72,Suburb,281400.0
529,2,4,1,0,44,28.38,2,4.65,Rural,48900.0
5652,3,1,1,0,36,34.94,7,4.19,Downtown,697400.0
5712,6,2,2,1,12,26.51,10,4.91,Suburb,757200.0
1825,3,3,1,2,40,30.25,9,9.28,Suburb,255900.0
675,2,2,1,2,44,7.35,1,4.78,Suburb,82000.0
1175,6,3,2,1,7,35.16,2,5.15,Suburb,226300.0
872,6,2,2,1,9,11.39,7,8.87,Downtown,207400.0
5071,6,1,3,2,40,5.57,10,8.18,Rural,650900.0
5405,6,2,1,2,7,39.06,9,2.4,Downtown,783800.0
1343,6,3,2,0,52,8.46,10,0.13,Suburb,205600.0
4607,3,1,3,2,6,5.9,2,6.29,Suburb,574300.0
1485,2,4,2,1,58,25.23,6,8.45,Suburb,160300.0
2519,4,1,1,2,40,13.1,8,5.53,Rural,319800.0
3796,2,1,2,0,26,5.77,7,2.11,Suburb,465200.0
4459,3,3,2,0,16,24.24,8,7.41,Uptown,603900.0
5310,4,3,1,2,20,30.48,3,6.7,Rural,646500.0
746,6,2,2,2,44,31.83,5,5.65,Uptown,167700.0
1580,2,2,1,0,45,6.64,5,8.63,Rural,176000.0
2042,2,1,2,2,12,22.5,10,7.84,Downtown,324500.0
2206,5,3,3,0,32,32.64,3,6.68,Industrial,274000.0
5989,1,2,2,2,59,6.86,4,6.65,Uptown,735500.0
4775,4,1,3,0,15,8.7,1,6.62,Suburb,597600.0
2262,5,2,1,0,41,0.6,2,5.25,Downtown,314300.0
5845,4,4,3,2,10,21.22,10,4.64,Downtown,815700.0
3246,3,2,3,2,50,8.19,9,7.1,Rural,397200.0
3254,5,4,3,0,10,29.11,3,6.1,Suburb,446900.0
2885,3,2,3,0,17,38.51,8,4.9,Rural,321300.0
1291,5,1,2,1,27,8.75,6,1.27,Suburb,208500.0
5639,3,2,2,0,22,26.14,10,7.02,Suburb,712000.0
576,1,2,3,2,10,8.87,4,6.46,Downtown,149000.0
1458,4,1,3,2,38,1.21,10,3.42,Downtown,297700.0
1763,1,3,2,2,1,30.46,4,3.56,Downtown,284200.0
2036,6,2,1,0,59,17.64,8,2.47,Uptown,281000.0
1225,4,3,1,0,3,37.9,4,9.62,Suburb,144500.0
598,3,2,1,2,20,21.6,7,8.6,Uptown,131400.0
4227,3,2,1,0,55,6.72,4,5.61,Rural,467000.0
5831,4,2,1,1,9,18.27,9,4.02,Uptown,795700.0
1170,2,1,1,1,4,8.51,7,7.37,Suburb,200200.0
2130,2,3,3,2,44,35.18,3,5.28,Uptown,250600.0
3284,3,1,1,0,4,27.79,10,9.76,Uptown,455100.0
5601,2,3,2,2,53,13.98,8,0.55,Rural,696400.0
4318,5,4,2,2,27,21.35,5,0.34,Downtown,635800.0
4714,1,4,1,0,52,26.94,2,5.69,Rural,482400.0
3696,5,2,3,1,14,31.42,10,2.03,Downtown,539500.0
2793,3,2,3,0,8,3.67,8,6.04,Downtown,416500.0
1598,4,4,3,1,57,1.39,7,7.81,Rural,214500.0
5253,1,2,3,0,45,5.02,9,1.38,Uptown,685500.0
4922,3,2,2,0,54,16.1,7,4.41,Downtown,594500.0
638,5,4,3,1,19,18.93,3,6.89,Downtown,163100.0
4434,2,4,1,1,24,5.89,3,8.34,Uptown,588900.0
964,1,4,3,0,34,16.74,1,4.96,Downtown,158500.0
4564,4,1,3,0,26,17.94,1,2.06,Downtown,609100.0
5042,1,4,1,0,14,4.81,8,5.86,Rural,620200.0
1220,2,1,2,2,22,36.71,9,4.55,Uptown,172800.0
2886,3,3,2,1,36,24.17,2,7.72,Suburb,350300.0
1180,4,4,1,0,2,15.85,6,5.56,Suburb,207700.0
3620,4,3,3,0,20,20.52,2,2.79,Suburb,485100.0
5601,5,4,1,2,17,12.91,5,7.54,Downtown,779900.0
944,6,2,1,0,4,34.25,8,5.18,Uptown,195200.0
2686,1,2,1,2,7,23.21,9,1.78,Uptown,404500.0
5852,3,2,3,1,29,20.05,10,5.63,Suburb,742100.0
2155,1,2,1,0,6,36.48,4,9.48,Suburb,230500.0
1227,1,3,2,0,20,33.6,10,7.06,Suburb,175000.0
3187,2,2,3,0,33,32.61,8,2.99,Downtown,438000.0
3296,4,3,1,2,52,9.41,4,7.11,Suburb,420000.0
4145,6,2,3,1,5,6.55,4,2.83,Downtown,600500.0
2225,5,2,1,1,26,27.76,2,5.43,Uptown,334300.0
5755,4,1,3,0,6,19.01,10,5.27,Suburb,767100.0
3365,5,3,1,2,25,27.51,3,2.47,Rural,416000.0
2075,2,4,1,0,28,30.54,3,3.48,Suburb,243200.0
5781,6,4,3,1,47,12.16,5,9.42,Uptown,775600.0
5586,6,2,3,2,26,11.74,2,2.51,Industrial,680500.0
3245,1,2,3,2,56,19.89,9,8.01,Suburb,423900.0
636,3,3,3,1,8,11.31,7,6.67,Downtown,166700.0
3783,5,3,2,2,3,26.86,2,5.33,Rural,511900.0
3553,3,1,1,0,0,30.0,2,1.38,Downtown,483600.0
1315,6,3,1,2,21,19.15,1,2.05,Downtown,270300.0
3986,6,1,2,1,11,29.09,10,1.79,Downtown,578200.0
5124,3,1,2,1,5,20.66,5,5.87,Uptown,672700.0
1082,1,3,2,0,14,28.66,7,9.73,Downtown,190500.0
4478,3,1,1,2,58,9.39,2,8.77,Suburb,528300.0
1271,2,2,2,2,48,29.68,3,0.25,Suburb,168000.0
4618,3,3,1,2,1,28.75,6,2.74,Rural,577900.0
2805,4,3,1,0,54,11.03,3,1.57,Suburb,352500.0
535,3,2,1,1,12,22.46,7,9.76,Uptown,132200.0
5814,2,1,2,2,24,34.28,10,2.36,Rural,692900.0
1412,2,4,2,1,19,10.36,4,2.01,Suburb,226200.0
3778,5,4,1,2,24,29.57,7,6.21,Suburb,502700.0
1498,1,4,2,2,45,38.18,10,5.56,Uptown,214600.0
5631,2,3,1,0,42,34.72,9,2.26,Uptown,706900.0
4560,6,2,1,1,35,16.36,1,6.7,Suburb,558500.0
4923,1,4,1,0,37,24.48,2,0.97,Suburb,585800.0
2876,3,2,2,1,43,39.67,10,0.19,Downtown,406400.0
3070,2,1,3,1,11,22.95,10,0.82,Downtown,457800.0
3988,1,4,1,2,23,5.04,4,3.65,Downtown,573400.0
4816,3,2,1,2,6,2.29,6,9.75,Downtown,679400.0
5158,4,4,1,1,42,31.72,6,5.47,Downtown,679100.0
598,2,2,2,1,26,17.23,7,7.55,Uptown,103000.0
4149,1,4,3,1,38,10.25,8,3.21,Uptown,545100.0
1100,1,3,1,1,33,14.23,4,7.19,Uptown,183700.0
2083,4,2,2,1,16,30.42,9,9.66,Rural,249300.0
5061,6,2,3,2,8,18.88,1,3.58,Rural,650300.0
1877,2,4,3,2,58,34.81,1,9.99,Downtown,240100.0
4882,2,1,2,2,17,29.53,10,6.38,Rural,588200.0
3046,3,2,3,0,6,38.97,2,7.49,Suburb,365400.0
1779,3,2,3,1,18,35.6,10,2.52,Suburb,251500.0
2338,2,3,3,1,54,10.55,3,6.43,Industrial,239700.0
3419,1,2,1,1,15,26.53,4,5.11,Uptown,426700.0
4708,4,3,1,1,59,1.31,1,9.56,Downtown,617200.0
3833,3,2,1,2,27,39.65,10,9.05,Rural,452900.0
5632,3,1,3,1,51,10.81,4,3.97,Downtown,712700.0
5272,2,1,2,0,39,26.76,2,9.47,Downtown,640900.0
4643,6,3,1,1,2,34.04,5,8.85,Downtown,656200.0
3817,4,2,2,2,30,6.84,2,5.9,Downtown,521400.0
2094,3,2,1,0,25,33.99,8,0.82,Rural,267300.0
2769,2,3,3,0,12,0.98,1,1.61,Suburb,360600.0
1153,5,2,2,2,32,17.96,5,0.77,Downtown,243600.0
2558,6,2,3,0,6,19.15,4,1.08,Industrial,347700.0
5595,1,1,1,1,41,15.28,1,9.77,Suburb,636600.0
2842,6,2,2,2,49,23.66,1,2.12,Suburb,354500.0
1125,5,3,1,0,5,36.64,6,6.91,Suburb,161600.0
4085,1,3,3,1,28,13.42,4,6.37,Suburb,484200.0
5794,5,4,2,0,39,23.38,2,6.31,Suburb,707200.0
5271,1,4,2,0,3,35.16,2,2.07,Rural,640000.0
2007,1,1,2,0,23,31.03,9,5.79,Uptown,253700.0
2996,1,2,1,0,15,2.11,8,6.26,Suburb,370300.0
3420,3,2,3,1,2,37.74,7,5.7,Suburb,441700.0
1863,4,3,2,1,48,2.34,9,1.86,Downtown,309100.0
1977,3,2,3,0,26,23.76,1,7.23,Uptown,258200.0
1801,1,4,1,2,45,23.23,7,0.73,Suburb,233000.0
5970,2,2,1,2,35,31.56,8,5.91,Suburb,741100.0
4603,6,3,3,0,52,6.36,3,4.36,Industrial,576100.0
5124,6,1,1,2,59,7.59,6,2.5,Suburb,678300.0
4991,5,4,1,0,36,30.21,8,8.07,Downtown,642200.0
5775,1,4,3,1,21,6.41,7,1.76,Suburb,737800.0
1079,5,4,1,1,25,19.04,3,9.33,Suburb,175200.0
5348,5,2,1,1,49,29.4,7,8.85,Industrial,608400.0
866,4,1,2,2,25,26.22,8,3.61,Suburb,159400.0
3114,1,3,1,2,31,8.82,1,3.05,Downtown,422600.0
3769,6,2,1,0,11,12.51,6,1.37,Suburb,549000.0
2468,3,4,1,1,59,38.77,6,9.16,Suburb,295500.0
1303,1,3,1,2,39,18.22,4,6.28,Downtown,206800.0
1557,2,3,1,2,19,2.26,1,0.32,Uptown,241500.0
5035,3,4,3,2,35,9.17,1,5.11,Downtown,672200.0
2252,1,4,1,1,24,14.03,8,0.86,Uptown,329900.0
2206,2,2,1,0,9,39.98,9,5.74,Uptown,283900.0
5578,3,1,1,1,52,12.46,5,5.09,Downtown,725000.0
1291,6,1,2,2,53,1.54,10,0.83,Rural,207300.0
5533,1,2,3,2,50,20.76,10,8.16,Uptown,687200.0
5565,4,3,2,2,22,3.8,7,2.62,Rural,736300.0
3792,6,1,1,2,15,11.33,6,5.41,Suburb,509100.0
1410,5,1,1,1,2,39.7,10,6.39,Downtown,229000.0
1357,6,3,2,0,43,28.33,7,9.62,Downtown,240900.0
2065,2,4,1,1,19,2.5,10,4.94,Rural,267700.0
3675,5,1,3,1,53,18.22,10,9.17,Downtown,500600.0
1344,6,3,3,2,52,7.28,2,3.55,Downtown,244900.0
3006,2,1,2,1,7,5.36,7,8.57,Suburb,407600.0
1135,3,3,3,2,55,23.69,8,2.36,Downtown,213300.0
3471,4,4,1,0,8,20.47,9,7.07,Uptown,508600.0
616,3,4,1,2,29,29.84,4,0.89,Uptown,135200.0
4399,2,3,3,1,28,35.75,9,9.86,Uptown,555000.0
804,6,3,3,2,57,10.24,5,9.54,Downtown,171900.0
1571,6,4,1,1,39,36.96,4,4.42,Suburb,196500.0
1460,3,3,2,1,52,20.96,2,5.24,Uptown,216500.0
5070,5,2,1,0,35,10.72,4,5.98,Suburb,615100.0
793,3,4,2,2,49,33.91,10,2.75,Rural,98700.0
2860,5,3,3,2,51,1.9,8,6.74,Suburb,380200.0
3751,4,4,3,2,51,22.6,8,6.99,Suburb,476800.0
3337,3,3,2,0,24,29.0,9,5.25,Suburb,437800.0
4243,1,4,3,0,22,11.56,3,1.48,Rural,511400.0
4917,4,1,2,2,59,34.61,7,9.19,Downtown,631700.0
2664,2,1,3,0,45,9.99,4,1.15,Uptown,353100.0
5055,2,1,1,1,55,33.68,9,6.29,Suburb,581900.0
2248,2,3,2,1,34,3.6,5,1.03,Downtown,342500.0
5914,6,3,2,2,55,6.82,9,1.46,Rural,770300.0
3274,1,1,2,2,43,15.55,8,0.21,Suburb,424900.0
4548,5,1,1,2,44,34.24,8,3.63,Downtown,585700.0
5312,6,4,1,0,10,6.21,10,6.4,Industrial,686200.0
4859,1,4,3,1,34,35.08,8,5.22,Rural,584100.0
5181,4,3,1,2,43,9.57,4,6.75,Suburb,652800.0
3450,4,2,2,2,45,18.37,6,6.75,Uptown,441200.0
739,3,2,2,0,57,14.43,5,1.4,Suburb,107500.0
3211,5,1,2,2,19,5.17,1,0.57,Suburb,427000.0
1498,3,1,1,1,18,37.8,6,6.25,Downtown,244100.0
5390,3,4,1,0,58,17.81,5,6.53,Downtown,689400.0
1802,3,2,1,1,59,27.77,4,5.57,Suburb,180700.0
1754,5,3,1,2,10,23.22,2,2.46,Suburb,257600.0
1871,4,3,1,0,22,20.32,6,8.11,Rural,223400.0
4034,3,2,1,0,56,24.85,6,0.76,Suburb,486500.0
3641,6,1,1,2,11,35.98,2,6.32,Suburb,465300.0
5718,5,3,3,2,46,28.12,7,1.2,Uptown,737900.0
2789,6,1,2,0,6,21.53,2,6.54,Industrial,322800.0
2052,5,2,1,2,10,25.98,2,4.18,Suburb,297500.0
770,3,4,2,2,47,24.45,5,7.18,Uptown,132500.0
538,5,3,1,2,36,17.61,4,0.52,Uptown,133500.0
2554,2,4,2,0,33,25.18,10,5.55,Downtown,378500.0
5591,2,1,1,1,51,18.02,1,1.45,Suburb,642600.0
3380,3,1,1,2,18,30.43,4,6.82,Downtown,454800.0
5414,6,2,1,2,30,38.77,8,1.2,Rural,713100.0
1059,4,2,2,1,36,38.41,3,0.74,Suburb,158400.0
1013,3,1,2,0,44,32.92,10,7.13,Suburb,120600.0
5084,3,4,2,0,19,24.27,8,0.64,Uptown,680300.0
1087,2,1,2,0,38,30.1,10,2.25,Suburb,101300.0
785,4,3,3,0,26,7.53,10,8.25,Suburb,172700.0
2722,3,3,3,0,32,19.42,2,8.1,Uptown,370300.0
5586,4,3,2,0,51,10.66,5,8.54,Industrial,641400.0
4291,3,1,2,2,23,0.64,8,3.26,Uptown,571100.0
1045,2,2,2,1,40,38.69,1,5.28,Downtown,120000.0
5104,6,3,1,1,56,34.62,5,7.73,Downtown,661500.0
5139,3,2,2,2,45,20.79,7,1.37,Downtown,678700.0
4903,1,3,1,1,59,10.54,8,7.24,Suburb,594300.0
5464,3,1,3,1,35,27.87,5,0.97,Downtown,712500.0
1819,4,1,2,0,16,17.67,9,9.13,Uptown,293700.0
5887,1,3,3,1,59,32.23,7,6.37,Rural,673600.0
2263,2,3,3,0,38,39.98,1,4.93,Suburb,269500.0
4911,1,1,2,1,14,14.29,3,4.85,Suburb,571800.0
3686,4,4,3,2,19,10.15,10,1.81,Suburb,518600.0
4787,5,1,2,1,15,11.06,1,3.46,Suburb,612500.0
3953,6,4,1,0,50,4.19,2,7.27,Rural,495200.0
4033,3,3,1,2,5,16.06,4,5.41,Downtown,596900.0
3889,6,4,1,2,44,1.19,10,5.29,Uptown,562000.0
4784,2,4,3,1,33,5.02,8,1.95,Downtown,658900.0
4564,5,2,2,0,4,11.23,2,6.9,Suburb,569600.0
1240,4,4,1,2,36,6.81,4,3.92,Industrial,173300.0
5043,5,1,2,0,45,29.42,10,1.83,Downtown,664800.0
3448,5,2,1,2,43,4.67,3,9.44,Downtown,515400.0
2276,4,1,3,0,31,34.71,6,5.07,Rural,254200.0
3328,2,2,3,1,20,9.23,5,5.28,Suburb,468400.0
5818,4,4,1,2,9,4.79,8,9.81,Downtown,817900.0
5216,5,2,3,0,0,0.9,8,3.66,Downtown,741700.0
5085,6,1,2,0,21,28.75,9,9.43,Downtown,691500.0
3045,6,2,1,0,37,10.64,2,6.95,Suburb,401900.0
4812,2,4,3,1,2,20.63,5,6.33,Downtown,663300.0
2617,4,3,1,1,59,4.91,7,2.34,Uptown,377900.0
4273,1,3,1,0,35,39.42,5,0.52,Uptown,539300.0
4017,5,2,1,1,17,5.45,7,4.38,Downtown,592200.0
1873,6,2,2,2,57,16.77,7,0.1,Suburb,272100.0
1965,1,3,2,2,11,34.14,4,0.71,Downtown,282400.0
836,4,3,1,0,57,10.17,2,5.95,Suburb,98600.0
1268,6,4,1,1,16,11.05,10,7.24,Downtown,276600.0
2884,6,3,1,0,22,32.44,9,1.68,Uptown,401000.0
3128,3,4,3,1,25,11.3,9,7.33,Suburb,438700.0
1408,1,4,3,2,59,0.61,3,9.5,Suburb,168500.0
2792,6,1,3,2,15,17.4,4,7.43,Rural,347800.0
3822,6,2,2,0,58,1.0,4,7.85,Uptown,497400.0
1779,4,2,2,0,20,36.44,1,7.01,Suburb,213700.0
2360,6,1,3,2,17,25.85,2,2.25,Downtown,400200.0
2521,1,1,2,2,38,23.53,4,3.61,Industrial,265900.0
3277,4,4,2,0,41,8.46,10,9.49,Suburb,455200.0
2515,1,2,1,0,20,28.15,3,6.61,Rural,265500.0
4553,6,1,2,1,8,27.25,6,7.89,Rural,545900.0
2301,5,2,1,1,23,2.89,6,9.69,Suburb,333900.0
2886,6,2,1,1,32,35.29,4,2.31,Downtown,402300.0
2587,4,1,3,2,2,23.39,10,3.22,Downtown,418800.0
1506,1,1,3,2,4,31.8,1,6.45,Suburb,172200.0
4271,1,4,1,2,55,10.89,9,0.24,Suburb,541400.0
1794,3,4,1,0,2,5.32,8,5.71,Uptown,323600.0
2132,5,2,1,2,24,28.25,4,8.09,Rural,271800.0
4860,1,3,3,2,45,31.86,8,6.1,Uptown,634600.0
5718,6,4,1,1,19,15.75,5,2.95,Industrial,749400.0
4189,2,4,1,1,29,1.44,10,7.24,Rural,497800.0
5539,3,1,1,2,5,32.82,1,1.46,Downtown,704300.0
5198,2,4,3,2,47,8.64,1,8.95,Suburb,604200.0
3145,3,1,2,1,38,13.89,6,1.01,Rural,389300.0
4736,3,1,3,0,51,25.32,10,8.63,Suburb,562800.0
2305,1,2,3,1,51,4.45,1,4.98,Downtown,296300.0
3032,4,3,1,2,21,3.34,8,4.29,Suburb,430600.0
3444,5,1,3,0,2,1.52,10,5.01,Suburb,511000.0
5782,6,2,2,2,20,36.71,5,2.0,Suburb,725300.0
5167,2,2,2,0,8,12.8,9,4.58,Uptown,673100.0
3190,6,2,1,2,31,26.6,8,8.5,Suburb,425900.0
4089,6,4,3,1,8,39.57,3,8.01,Suburb,563700.0
1612,6,2,3,0,55,26.94,9,1.63,Suburb,234900.0
4924,3,1,2,0,36,21.24,7,6.73,Suburb,589300.0
3541,6,1,1,0,15,21.08,1,8.57,Downtown,451000.0
3429,4,1,3,2,55,15.39,6,8.2,Suburb,437900.0
4714,1,1,3,1,46,24.19,7,4.26,Suburb,552000.0
3981,2,3,2,2,26,38.37,9,0.48,Rural,473900.0
898,5,2,2,0,8,31.63,8,9.31,Downtown,164000.0
2084,1,2,1,2,20,17.26,5,3.96,Industrial,213500.0
1471,3,4,1,2,35,13.63,3,3.61,Uptown,213300.0
4541,5,3,3,0,45,35.4,2,7.6,Suburb,545800.0
693,1,1,2,1,15,5.86,1,2.64,Suburb,82500.0
1613,3,2,1,2,44,34.06,7,8.35,Suburb,194600.0
3785,2,2,3,0,16,10.58,10,0.76,Rural,489000.0
4321,4,4,1,0,14,28.77,1,7.41,Rural,549400.0
3268,2,2,1,2,26,32.35,8,9.66,Rural,350100.0
5233,6,1,1,1,9,19.34,6,9.96,Uptown,698900.0
5554,1,3,2,0,24,8.1,2,9.24,Suburb,673700.0
1226,6,2,2,2,21,33.87,3,8.71,Rural,140000.0
5738,5,1,1,2,16,15.02,3,2.79,Suburb,736900.0
3879,6,3,2,0,46,13.17,7,9.67,Rural,489300.0
3999,6,1,2,0,19,20.65,3,9.28,Suburb,511800.0
1023,2,4,2,0,41,17.69,9,5.34,Uptown,192200.0
3920,6,4,2,2,43,27.48,4,4.02,Downtown,517200.0
4491,4,2,3,0,39,5.92,2,1.09,Downtown,595100.0
3694,6,3,3,2,16,17.71,1,5.91,Suburb,526300.0
964,6,3,1,1,49,35.72,5,7.01,Uptown,163800.0
3377,4,3,3,1,14,1.92,5,4.04,Suburb,486800.0
5647,3,1,2,2,16,18.56,8,4.06,Suburb,744000.0
4478,1,2,1,2,52,26.59,5,5.73,Suburb,488400.0
1255,1,1,2,0,20,35.56,2,0.28,Suburb,156500.0
5779,3,3,3,0,41,23.95,3,9.58,Uptown,729800.0
5773,5,1,3,0,2,33.07,6,2.9,Industrial,705200.0
1431,4,3,2,2,36,9.3,4,1.41,Uptown,280200.0
4904,3,3,1,1,52,14.44,7,0.05,Uptown,638500.0
2736,2,4,1,0,42,37.71,10,8.57,Downtown,333600.0
3765,4,2,1,0,34,35.5,4,8.63,Suburb,452500.0
2948,4,1,3,1,50,22.54,6,0.95,Suburb,365800.0
4804,6,3,2,2,17,19.28,9,1.52,Rural,660400.0
5981,5,1,2,1,22,18.32,3,4.48,Downtown,797100.0
4873,4,1,3,2,4,2.82,6,1.86,Rural,632800.0
5622,6,4,3,2,41,35.75,4,7.36,Downtown,769500.0
5703,3,4,3,2,43,32.82,7,0.58,Suburb,737700.0
995,6,3,1,1,45,18.52,8,5.5,Suburb,152600.0
1893,3,4,2,2,44,11.54,2,3.83,Uptown,270600.0
4470,1,1,3,2,7,14.05,2,4.65,Rural,545400.0
3745,3,1,3,1,39,5.36,1,4.25,Suburb,457700.0
775,1,2,1,1,45,29.01,1,1.53,Uptown,83400.0
1022,1,1,2,2,12,22.49,1,2.2,Uptown,155100.0
3363,6,4,3,1,28,9.75,8,0.65,Suburb,482100.0
3888,5,1,1,0,54,25.11,10,1.15,Uptown,477900.0
1422,2,3,2,2,24,39.18,5,9.78,Downtown,214300.0
1442,6,4,1,0,45,5.33,9,2.8,Suburb,210800.0
1211,1,3,3,2,31,18.61,8,3.07,Downtown,202900.0
3607,2,1,1,1,39,20.02,9,1.27,Suburb,424900.0
543,5,2,1,1,37,7.09,8,7.55,Suburb,83900.0
3648,2,3,1,0,39,21.5,2,9.24,Downtown,462500.0
3117,5,4,1,1,46,24.44,6,7.9,Suburb,396400.0
3062,6,2,2,2,54,6.72,6,6.13,Rural,380100.0
4236,1,2,1,0,17,6.61,7,8.13,Rural,484600.0
3374,1,4,2,2,55,34.33,8,4.04,Downtown,432200.0
4502,6,4,2,2,37,12.8,2,8.59,Downtown,625400.0
4701,4,2,2,2,35,25.4,7,7.99,Suburb,590400.0
5560,4,1,3,1,19,25.26,9,0.02,Uptown,760700.0
4895,3,3,2,0,25,33.65,2,4.88,Uptown,630700.0
3347,3,4,2,2,39,29.73,5,2.65,Suburb,426600.0
3206,5,4,3,1,21,33.7,9,0.86,Rural,408700.0
1796,4,2,1,1,17,25.2,1,8.46,Suburb,216600.0
3797,1,1,3,2,49,18.25,2,0.08,Industrial,414300.0
1265,4,3,3,2,24,16.05,9,7.3,Downtown,239200.0
5621,5,4,1,0,38,15.47,2,9.88,Suburb,676400.0
5147,1,4,1,2,1,17.03,8,4.82,Suburb,676600.0
1158,3,1,2,1,4,5.61,10,3.71,Suburb,248200.0
4822,5,2,1,2,50,17.25,5,6.06,Downtown,626700.0
1144,4,2,2,1,8,15.88,5,8.05,Downtown,220100.0
4466,1,1,3,2,47,1.87,5,2.4,Suburb,531700.0
982,1,4,2,2,54,11.37,4,2.51,Rural,122300.0
3185,4,1,1,2,28,30.2,4,6.07,Rural,382600.0
4118,3,3,1,2,53,23.33,6,9.4,Downtown,540200.0
4508,6,4,3,1,25,32.34,9,2.98,Uptown,658900.0
2802,4,3,1,0,57,21.94,10,3.77,Suburb,352700.0
5568,6,4,2,1,14,34.24,9,9.93,Industrial,694300.0
4758,2,2,3,1,25,31.94,2,1.76,Downtown,643700.0
1645,3,4,1,2,23,4.38,4,0.77,Uptown,286000.0
4191,1,2,2,1,47,39.09,8,5.9,Uptown,475100.0
4517,4,1,2,1,2,1.08,6,0.24,Uptown,648700.0
2335,2,2,1,0,49,24.08,4,1.8,Uptown,281200.0
4560,3,2,2,2,1,31.8,4,6.22,Suburb,598600.0
5441,3,3,2,1,18,13.61,2,6.6,Rural,665400.0
4994,2,2,1,0,35,24.14,4,5.1,Suburb,568100.0
4693,1,2,3,0,8,14.8,5,3.84,Suburb,602200.0
3989,4,2,2,2,29,2.89,5,5.76,Industrial,495300.0
1987,6,2,1,0,59,0.83,6,6.43,Suburb,272000.0
4873,2,3,3,1,49,4.25,3,8.03,Suburb,601700.0
2503,3,2,3,1,1,4.39,3,7.93,Uptown,396400.0
3427,2,4,1,0,35,24.63,9,6.65,Suburb,438100.0
2229,5,2,1,0,35,21.27,5,8.94,Downtown,319100.0
2221,3,4,2,2,4,18.49,3,8.38,Suburb,333400.0
1366,6,2,2,1,39,27.83,7,1.33,Uptown,265800.0
5787,2,1,3,0,31,1.16,6,9.57,Uptown,746300.0
1312,1,1,2,0,40,11.2,6,8.92,Downtown,185900.0
974,4,4,2,1,17,31.21,3,3.21,Rural,141500.0
5648,4,4,1,2,15,36.44,8,0.2,Suburb,745500.0
3552,6,1,2,2,44,17.81,2,6.04,Rural,423400.0
2908,6,3,3,0,43,3.72,9,4.38,Rural,427600.0
4556,6,3,2,2,9,32.05,5,7.5,Industrial,561700.0
2608,4,1,2,2,12,35.46,5,5.25,Suburb,363100.0
1203,3,2,1,0,35,16.84,4,0.76,Suburb,160800.0
4513,3,3,3,0,49,10.11,5,2.45,Suburb,546300.0
1467,1,4,1,2,12,2.24,7,8.83,Suburb,220700.0
3541,3,4,1,1,13,23.85,5,0.38,Suburb,469600.0
5719,3,1,1,2,48,36.44,2,7.37,Downtown,701400.0
5648,1,1,3,0,41,27.28,6,2.92,Downtown,709000.0
2484,2,2,2,0,54,13.03,3,4.53,Uptown,292300.0
4791,4,1,3,0,47,25.89,2,5.31,Downtown,627300.0
3869,3,3,2,0,57,33.37,9,2.5,Suburb,490600.0
3136,6,1,2,1,11,19.3,4,6.52,Uptown,472400.0
1269,3,1,2,0,16,32.88,6,6.93,Downtown,205900.0
2569,6,1,1,2,14,15.98,2,0.85,Downtown,399500.0
4085,4,2,2,1,3,14.27,4,3.74,Suburb,560400.0
5926,1,4,3,2,46,23.53,4,7.44,Suburb,704900.0
526,2,1,3,1,39,18.86,2,7.22,Suburb,57000.0
4447,5,4,2,0,5,39.1,10,5.45,Rural,577200.0
5154,4,2,3,1,11,20.9,4,7.78,Downtown,674800.0
5731,2,1,3,0,11,15.71,6,1.08,Downtown,767800.0
2830,4,2,2,2,24,16.1,6,1.18,Downtown,423900.0
1151,6,3,2,2,27,22.14,5,6.57,Suburb,189500.0
1990,3,1,1,0,17,14.52,6,6.93,Suburb,268100.0
5177,1,1,1,1,55,29.05,6,8.15,Uptown,623700.0
5328,2,4,3,1,12,15.54,1,1.81,Downtown,706900.0
4003,6,3,1,0,33,15.67,7,5.17,Suburb,527200.0
1175,5,2,2,0,26,24.87,2,6.61,Suburb,150700.0
1170,6,4,3,2,23,2.9,5,2.24,Rural,197500.0
3129,6,4,1,0,49,26.39,4,5.17,Rural,366000.0
3735,1,2,3,1,58,20.45,5,6.38,Downtown,464200.0
678,2,3,2,0,0,18.39,1,2.14,Rural,103200.0
4273,1,1,1,1,27,28.91,8,3.76,Suburb,522900.0
3494,1,2,1,0,7,30.45,5,2.16,Uptown,440500.0
567,6,3,3,1,26,33.93,1,9.03,Downtown,150500.0
1026,6,1,3,1,37,15.3,1,2.37,Rural,148000.0
2998,1,4,3,1,24,13.42,6,1.21,Rural,368200.0
4474,5,4,3,1,18,28.72,7,0.35,Rural,607800.0
5039,4,2,1,0,18,23.48,6,0.45,Downtown,688600.0
2872,1,2,3,1,17,25.46,8,1.92,Rural,354400.0
2124,6,1,1,2,19,22.44,8,6.08,Rural,291800.0
5825,6,3,1,1,22,31.02,9,0.18,Suburb,770100.0
3022,4,1,3,0,41,8.01,10,2.87,Suburb,419200.0
2234,5,2,2,2,5,22.45,9,0.58,Downtown,393700.0
2932,3,3,2,2,2,6.75,8,4.04,Suburb,428700.0
566,5,3,3,2,31,16.59,5,0.49,Uptown,123800.0
2160,3,3,1,2,40,26.73,6,6.08,Suburb,282300.0
3335,6,1,2,2,15,19.98,7,6.88,Rural,431500.0
5551,1,4,3,2,12,15.49,2,7.31,Rural,685500.0
4560,2,3,2,1,37,35.46,7,2.24,Rural,545300.0
4797,6,4,2,0,23,31.03,6,8.69,Rural,593800.0
3496,2,2,2,1,44,21.29,6,6.9,Rural,411100.0
1108,2,4,3,0,8,38.03,9,0.57,Suburb,193700.0
2650,5,2,1,2,7,17.26,7,4.41,Downtown,425100.0
5983,2,4,3,1,33,31.63,10,7.68,Uptown,768000.0
742,4,1,3,2,23,7.13,10,3.11,Industrial,152000.0
5335,2,1,3,1,43,11.79,9,3.82,Suburb,655500.0
4264,2,3,2,1,30,13.85,3,6.3,Uptown,543400.0
2061,6,3,2,2,21,4.68,2,0.55,Industrial,270900.0
4778,2,3,2,1,9,20.32,3,9.67,Suburb,607100.0
5102,1,2,1,1,9,8.09,8,1.74,Rural,627100.0
737,5,4,3,1,45,25.55,9,0.27,Rural,119400.0
1085,6,2,2,2,13,8.01,9,0.05,Downtown,258700.0
4161,1,3,3,2,30,5.38,7,4.0,Downtown,578700.0
5995,5,4,1,0,49,38.78,7,8.84,Suburb,709600.0
631,4,3,3,1,53,26.5,10,8.2,Uptown,89100.0
4161,5,3,2,1,16,37.49,7,9.12,Suburb,548200.0
1250,1,4,3,1,6,19.85,2,5.34,Uptown,173300.0
4075,6,4,1,0,46,1.82,6,4.49,Rural,532100.0
3928,4,2,2,2,41,23.19,4,3.86,Rural,491800.0
997,6,2,2,2,19,22.55,7,0.46,Suburb,193500.0
4244,3,1,2,0,35,1.09,7,9.1,Suburb,550900.0
5433,6,3,1,0,11,34.52,3,4.96,Downtown,729700.0
5248,4,4,2,1,42,24.99,3,4.55,Downtown,711400.0
659,1,2,1,0,43,29.92,1,5.15,Downtown,71800.0
1852,6,2,2,2,17,20.01,3,7.94,Downtown,271500.0
1824,5,1,1,2,28,24.93,9,2.24,Downtown,303100.0
2993,2,2,2,2,20,10.67,7,7.1,Suburb,423100.0
1286,4,1,2,1,1,38.96,10,7.11,Suburb,211600.0
5198,3,4,1,2,7,16.33,10,8.5,Suburb,684000.0
4772,4,3,3,0,57,6.91,9,0.09,Uptown,647000.0
4945,6,1,3,0,27,2.71,2,1.7,Suburb,663800.0
1590,6,1,1,0,8,25.63,4,4.71,Uptown,254400.0
580,2,4,1,2,2,39.34,1,8.51,Rural,98500.0
5508,6,4,3,1,21,35.88,1,9.65,Downtown,723900.0
2088,3,4,1,0,58,28.23,3,5.95,Uptown,271200.0
4109,5,1,3,0,23,39.63,3,2.12,Uptown,548900.0
5501,5,1,2,1,59,29.05,1,1.85,Rural,617700.0
698,3,1,2,0,29,13.9,9,6.39,Suburb,107600.0
530,3,4,1,1,45,24.25,6,2.1,Suburb,102400.0
529,3,4,2,1,47,3.65,7,5.53,Suburb,104800.0
1359,6,4,1,0,1,9.26,7,8.35,Uptown,273000.0
784,3,1,2,0,0,16.99,10,3.9,Suburb,132400.0
5009,2,1,2,1,55,8.47,2,3.78,Downtown,634300.0
3832,3,4,1,1,55,38.16,4,0.36,Downtown,499300.0
5890,2,4,2,0,7,39.83,4,2.54,Downtown,771100.0
4908,3,3,2,1,38,15.15,6,6.98,Suburb,619700.0
5797,1,1,3,1,55,28.51,6,3.6,Suburb,673300.0
1812,1,1,1,0,57,16.61,8,1.58,Uptown,217500.0
2082,5,1,3,1,17,6.01,6,1.06,Downtown,354800.0
5171,1,3,3,0,49,13.81,3,0.95,Suburb,617800.0
1846,4,4,3,0,38,9.72,6,6.59,Downtown,334800.0
814,5,3,3,0,55,13.46,10,6.13,Suburb,155600.0
4180,5,2,2,0,8,8.99,6,5.19,Rural,529300.0
4905,3,4,3,0,36,4.94,6,5.0,Suburb,665800.0
5825,2,1,3,2,1,9.09,2,1.53,Industrial,708000.0
5602,6,4,2,0,21,36.28,1,5.01,Industrial,674200.0
1161,6,4,1,2,0,3.87,3,0.6,Uptown,273900.0
4746,4,3,2,2,26,13.33,1,9.26,Uptown,587000.0
5153,1,4,3,2,48,21.37,5,0.58,Suburb,635700.0
4339,1,3,3,2,39,14.5,9,4.24,Suburb,546600.0
5008,2,2,2,0,19,20.95,5,0.01,Suburb,635700.0
5108,1,2,1,1,25,2.22,7,7.86,Uptown,660400.0
2956,6,4,3,2,22,26.12,9,1.66,Downtown,480700.0
720,2,3,1,1,43,22.76,8,9.25,Downtown,123300.0
3009,2,1,1,0,15,27.4,7,0.44,Downtown,437200.0
1609,6,4,2,1,5,22.91,8,8.21,Rural,255700.0
1125,5,1,3,2,30,17.8,3,6.57,Rural,144400.0
1187,2,3,1,2,49,14.33,5,2.5,Downtown,193100.0
4335,3,1,2,1,28,9.44,4,2.02,Suburb,578500.0
3274,4,3,1,0,12,20.25,8,3.58,Suburb,453600.0
3469,4,2,2,0,2,1.53,5,8.28,Uptown,488800.0
4598,6,2,1,0,56,13.47,10,8.62,Downtown,588000.0
3515,6,3,2,1,45,27.28,2,1.75,Downtown,466100.0
3965,6,4,2,0,9,4.79,2,3.53,Rural,523100.0
973,1,2,1,1,4,2.98,8,2.37,Suburb,170900.0
5181,2,4,1,0,7,26.26,8,1.23,Uptown,686400.0
2968,4,2,3,0,22,16.21,7,6.46,Suburb,407900.0
1353,1,1,1,0,48,32.17,4,3.46,Uptown,140300.0
4973,3,1,1,0,9,37.52,1,2.25,Suburb,588500.0
4540,1,1,1,2,49,38.3,4,8.66,Suburb,511200.0
791,6,3,3,2,0,17.31,5,7.48,Industrial,166700.0
1561,1,3,2,2,44,10.94,5,7.74,Downtown,211800.0
586,1,2,1,1,16,24.54,10,0.39,Uptown,133100.0
1989,2,2,3,0,57,25.31,9,9.15,Downtown,237900.0
1049,1,4,1,2,28,25.08,8,5.75,Suburb,128800.0
4404,4,3,2,1,16,13.21,1,5.04,Downtown,596100.0
3374,3,1,1,2,14,3.02,2,0.11,Suburb,466600.0
5891,6,1,3,1,49,8.8,5,8.98,Uptown,744800.0
4621,2,2,3,1,24,6.6,7,5.44,Downtown,619900.0
3863,4,2,3,1,21,5.39,7,8.25,Downtown,555200.0
3301,4,4,1,0,44,37.09,3,6.56,Suburb,394500.0
799,4,3,1,1,32,1.05,2,7.97,Suburb,112900.0
886,5,4,3,2,39,24.27,4,6.93,Suburb,177400.0
3889,2,3,3,0,26,37.93,8,9.21,Industrial,440700.0
524,4,2,1,0,3,14.72,10,2.25,Downtown,174200.0
732,5,3,3,2,0,21.32,10,2.02,Suburb,186300.0
1705,6,3,3,1,2,27.98,6,7.13,Suburb,287300.0
5362,4,3,2,2,34,13.03,1,5.01,Suburb,691400.0
3024,4,1,2,1,30,19.37,10,5.99,Suburb,429200.0
4402,6,3,1,1,44,32.78,2,7.09,Rural,502400.0
2763,4,2,1,2,53,29.94,3,5.47,Rural,316900.0
1452,6,4,1,1,10,32.43,10,7.88,Uptown,276200.0
2541,1,4,1,0,57,39.5,6,3.19,Suburb,297600.0
1004,3,3,3,1,55,15.13,2,8.59,Rural,91600.0
4736,1,4,2,0,36,30.01,6,1.08,Uptown,599700.0
1509,1,3,3,1,31,24.31,1,6.34,Uptown,212300.0
2570,3,1,1,2,10,26.83,4,8.9,Uptown,359700.0
5890,2,3,3,0,10,29.73,10,2.53,Suburb,785900.0
3755,3,4,1,2,1,30.11,3,3.27,Industrial,467900.0
3022,3,1,3,1,38,35.49,9,3.05,Uptown,402200.0
3486,4,1,1,0,25,14.3,6,5.64,Uptown,429100.0
4812,6,2,1,0,11,26.31,7,4.13,Rural,587700.0
1899,6,4,1,2,8,11.57,8,1.08,Industrial,291100.0
4000,3,3,3,2,3,23.99,6,8.91,Suburb,518000.0
5299,2,4,1,2,38,30.17,1,2.05,Rural,626700.0
3648,5,4,2,1,41,31.74,10,5.34,Rural,442100.0
2955,1,3,2,1,37,17.09,5,5.95,Rural,329500.0
1298,4,3,3,1,6,20.59,7,0.41,Uptown,249600.0
1865,3,2,2,1,2,13.69,6,0.96,Downtown,343000.0
5703,2,1,1,0,6,7.18,7,9.72,Suburb,704200.0
3476,4,2,2,0,45,10.79,4,6.65,Suburb,438100.0
2157,2,3,1,2,44,36.53,9,0.34,Rural,255700.0
2801,2,1,3,1,17,12.7,3,7.94,Rural,343200.0
3679,4,1,3,0,3,39.0,7,5.09,Uptown,516600.0
3456,2,1,1,2,19,10.04,6,0.75,Uptown,473400.0
4348,5,3,3,0,48,29.06,6,6.81,Suburb,518900.0
1916,1,4,1,1,8,23.17,1,4.99,Downtown,279200.0
4070,3,4,2,0,47,28.03,4,2.05,Rural,475900.0
2934,5,2,2,1,27,25.94,1,8.78,Uptown,391500.0
5673,2,3,1,1,8,28.42,6,2.91,Rural,682400.0
1368,5,4,2,2,56,36.27,7,2.85,Uptown,232100.0
1316,5,3,1,2,31,22.76,6,2.73,Industrial,173000.0
3039,6,2,3,2,40,3.18,8,7.67,Suburb,416500.0
3295,2,2,3,0,5,11.2,4,7.06,Rural,401500.0
4299,5,3,3,0,22,28.47,4,9.03,Suburb,579400.0
2722,6,2,2,2,37,20.02,5,2.29,Suburb,387800.0
5525,5,4,2,2,38,22.17,3,7.86,Downtown,747000.0
3107,2,4,2,0,3,24.06,9,5.73,Downtown,449200.0
1211,5,1,3,0,36,15.61,9,3.09,Downtown,220800.0
1155,1,3,2,1,56,31.07,5,0.35,Rural,94900.0
5853,4,2,2,0,47,29.08,8,8.19,Downtown,748500.0
1237,3,3,2,0,12,28.71,1,2.41,Suburb,172300.0
5713,4,2,2,2,54,28.75,2,6.32,Suburb,671700.0
2029,4,2,2,1,40,35.67,3,5.49,Suburb,239900.0
1013,1,2,3,0,3,24.02,4,0.04,Uptown,166600.0
2175,4,1,2,1,7,38.7,3,9.94,Suburb,271700.0
3880,6,4,3,1,55,5.21,6,8.14,Downtown,567700.0
2853,3,1,3,1,12,25.46,8,4.86,Industrial,329800.0
4820,2,2,2,2,5,28.82,5,6.8,Uptown,634600.0
3860,6,1,3,0,27,19.35,5,4.77,Rural,505100.0
2704,1,1,1,1,31,11.88,1,7.45,Uptown,324400.0
3990,3,2,3,2,34,22.23,3,1.34,Downtown,534000.0
5843,4,4,1,1,39,14.91,9,4.46,Uptown,784700.0
2764,3,4,2,2,59,36.41,9,3.36,Downtown,369800.0
1343,6,2,1,1,45,14.59,2,4.6,Suburb,184500.0
2748,3,3,2,1,1,7.44,1,4.5,Downtown,401900.0
5120,6,4,2,2,5,23.27,9,1.43,Uptown,711600.0
1696,1,1,3,1,0,16.14,2,9.76,Downtown,251900.0
5720,5,4,1,2,23,4.29,6,0.15,Suburb,751000.0
3735,4,1,3,2,21,22.81,9,0.1,Downtown,548200.0
3808,2,1,3,2,56,21.74,8,3.73,Rural,455700.0
2243,2,2,2,0,21,7.34,6,6.2,Suburb,327600.0
5562,5,1,2,1,1,24.11,4,1.8,Suburb,728700.0
698,4,4,3,2,53,22.91,8,5.33,Suburb,138300.0
2142,4,4,1,1,15,31.06,7,7.23,Uptown,328300.0
2801,1,2,3,0,54,14.78,9,0.94,Downtown,379400.0
3125,4,4,1,0,46,10.33,6,9.84,Uptown,386800.0
3107,6,4,3,2,52,38.07,10,3.37,Suburb,452600.0
1313,1,4,1,0,49,22.67,8,6.42,Downtown,175500.0
1740,3,4,3,0,8,1.57,1,1.11,Downtown,330100.0
1023,3,3,3,2,37,32.92,3,7.09,Downtown,176100.0
3648,6,1,1,0,24,8.27,8,8.4,Suburb,473400.0
2429,2,4,2,2,37,31.55,2,1.05,Suburb,310300.0
3611,3,3,2,1,44,28.35,8,1.26,Uptown,514300.0
3743,5,4,1,2,30,38.77,4,2.81,Suburb,509000.0
4361,1,4,2,1,18,38.64,3,0.12,Downtown,569800.0
3508,5,1,3,2,54,11.34,6,9.86,Suburb,430900.0
4063,5,2,1,2,39,30.77,10,5.98,Downtown,561200.0
3729,5,1,3,0,53,13.02,9,6.08,Downtown,511000.0
4088,4,1,3,2,14,25.35,5,9.59,Suburb,543100.0
3891,5,4,2,2,50,24.11,1,8.32,Downtown,525900.0
2239,5,4,2,0,19,2.65,9,8.14,Downtown,356700.0
1854,6,4,2,0,27,0.7,9,3.4,Uptown,340500.0
4830,3,4,1,0,51,2.78,7,3.35,Rural,583900.0
2384,3,3,2,0,21,5.55,7,2.92,Uptown,363400.0
3520,4,3,3,1,15,10.68,6,3.47,Suburb,496500.0
1583,2,4,1,2,54,36.32,1,3.7,Uptown,208600.0
2872,6,3,3,1,57,20.99,2,1.4,Suburb,390100.0
3413,5,3,3,0,18,31.98,2,3.56,Downtown,473700.0
3943,4,1,3,1,18,33.61,10,4.47,Uptown,541400.0
3395,2,3,2,0,13,29.53,1,3.09,Downtown,451100.0
2483,3,4,2,2,1,15.96,6,1.65,Suburb,352400.0
5789,3,3,2,0,33,34.62,4,3.73,Uptown,723400.0
3320,4,2,3,2,15,29.81,1,4.81,Rural,433600.0
4945,5,1,3,1,50,29.85,10,7.21,Suburb,593000.0
4551,5,1,2,0,10,36.11,1,7.11,Suburb,561700.0
3570,6,3,3,2,38,24.15,9,2.03,Downtown,535100.0
5375,6,3,2,1,30,21.38,8,0.37,Industrial,687400.0
1205,5,4,2,2,36,35.66,8,3.04,Downtown,217500.0
5565,3,4,1,1,6,18.45,2,1.57,Suburb,696800.0
5176,4,2,2,2,27,32.56,9,3.96,Downtown,679900.0
3269,3,4,2,1,37,2.63,6,9.79,Uptown,468300.0
4533,4,3,3,0,20,0.55,5,1.81,Uptown,619300.0
3361,5,2,3,0,52,21.37,7,3.19,Suburb,426400.0
1978,3,4,1,1,31,3.41,4,7.25,Industrial,268400.0
4899,4,1,2,1,21,39.07,3,5.09,Downtown,623000.0
1852,1,3,3,2,1,0.72,3,0.44,Uptown,314400.0
2229,5,4,2,1,10,28.87,6,1.62,Downtown,391800.0
3356,3,3,2,2,28,10.11,7,9.35,Suburb,458600.0
5105,3,4,3,0,24,38.72,3,1.03,Downtown,656300.0
2611,4,1,2,1,52,15.57,3,6.35,Industrial,266900.0
3217,2,3,3,2,47,1.58,10,7.92,Uptown,451600.0
729,4,4,2,0,9,1.56,6,2.65,Suburb,198200.0
1137,5,3,1,0,35,22.36,9,7.25,Downtown,199200.0
807,3,4,2,2,27,39.48,4,1.7,Suburb,119800.0
896,1,2,3,1,6,39.2,3,2.85,Suburb,130300.0
5276,3,3,2,2,39,13.82,3,3.12,Suburb,669900.0
5130,2,2,3,1,32,19.57,6,9.96,Downtown,672400.0
5020,3,4,1,2,5,4.47,8,2.15,Rural,650900.0
805,4,1,3,2,28,21.13,6,1.29,Rural,110700.0
927,1,2,1,2,43,24.19,3,9.26,Uptown,109500.0
2043,5,1,3,0,19,10.42,10,1.62,Suburb,341100.0
3609,2,3,2,1,21,24.68,6,8.79,Suburb,450500.0
2337,6,1,3,0,6,36.04,4,6.5,Suburb,324600.0
3181,5,2,3,0,12,0.54,1,5.77,Downtown,457900.0
1451,2,4,3,0,58,9.54,6,7.51,Rural,186700.0
4519,4,2,3,1,37,8.79,7,7.26,Uptown,605800.0
2226,1,1,2,1,10,5.39,10,1.11,Downtown,375500.0
865,1,1,3,2,28,7.06,3,9.99,Suburb,108900.0
4584,6,1,1,0,11,25.22,2,9.42,Uptown,596600.0
5465,5,4,1,1,26,4.56,10,8.97,Suburb,704500.0
580,1,3,2,2,8,29.67,6,6.22,Suburb,67700.0
2901,2,4,3,2,37,35.54,1,5.23,Rural,345200.0
5049,2,1,3,0,34,37.1,2,5.36,Suburb,589000.0
4383,3,2,2,2,38,26.58,5,0.15,Downtown,589800.0
5211,2,1,2,0,26,8.3,7,4.99,Uptown,652100.0
2783,2,2,2,1,17,3.87,3,6.24,Uptown,370800.0
2547,4,3,3,1,14,9.66,4,6.59,Downtown,414700.0
4400,2,4,3,2,12,38.5,8,3.32,Downtown,641200.0
1344,6,2,1,2,25,38.51,10,4.71,Rural,181300.0
1816,5,4,2,2,27,15.59,5,6.36,Rural,261700.0
3804,5,3,2,2,40,13.37,5,4.28,Suburb,506700.0
4176,2,2,3,1,3,20.65,4,9.62,Suburb,529900.0
1158,5,4,2,2,16,12.02,2,7.05,Rural,201200.0
3295,6,2,3,0,51,39.2,1,0.01,Suburb,399800.0
2507,2,1,2,1,54,9.24,9,0.23,Downtown,375500.0
3259,5,4,3,0,55,15.08,1,6.9,Downtown,447600.0
5771,3,4,1,2,18,17.46,9,4.13,Suburb,755500.0
921,5,1,3,2,8,5.44,3,8.39,Uptown,210600.0
5975,3,4,1,2,11,15.62,7,1.73,Suburb,790700.0
2972,5,4,2,2,7,34.34,10,0.14,Suburb,448100.0
4746,1,4,3,0,57,6.04,8,3.88,Uptown,630500.0
2834,3,2,3,2,53,23.57,8,7.36,Suburb,373100.0
2210,2,3,2,1,48,16.56,3,9.72,Suburb,273900.0
4738,2,3,2,2,43,7.24,6,8.84,Downtown,564300.0
4282,2,3,1,2,20,0.99,7,4.84,Rural,547500.0
1292,3,3,3,1,28,11.3,5,8.13,Rural,169600.0
4379,1,3,1,0,50,2.94,1,0.7,Uptown,540600.0
4641,5,3,1,1,48,15.38,10,5.72,Suburb,610000.0
2633,4,3,2,1,31,32.5,2,9.24,Suburb,326600.0
5591,5,3,1,2,50,28.93,10,3.96,Downtown,755200.0
4024,5,1,1,1,20,37.92,10,9.6,Industrial,474400.0
2334,1,1,2,1,24,17.37,1,2.21,Downtown,338700.0
559,1,4,3,1,50,28.46,8,1.06,Rural,72700.0
4212,3,4,1,0,22,26.78,7,5.25,Rural,523300.0
1649,3,3,3,0,45,9.07,3,9.07,Downtown,250100.0
4660,2,1,2,0,27,12.49,9,3.11,Suburb,608900.0
3387,5,4,1,1,17,21.43,2,8.0,Downtown,496700.0
3066,4,1,3,1,13,31.97,3,1.69,Suburb,402700.0
1400,5,2,2,2,36,18.74,10,7.46,Industrial,199100.0
4413,1,2,3,2,28,9.5,8,5.57,Suburb,568100.0
1412,5,1,1,0,22,39.74,2,1.75,Industrial,175800.0
2797,2,4,1,0,44,5.07,2,7.18,Downtown,389700.0
5099,3,3,1,1,0,38.26,3,7.14,Suburb,627700.0
5562,3,2,2,2,5,32.46,1,5.15,Uptown,748100.0
5940,5,3,3,0,57,33.64,2,2.25,Uptown,708100.0
5769,2,1,3,0,39,31.9,6,1.32,Suburb,706300.0
3557,2,2,2,0,32,8.72,1,9.57,Rural,386100.0
1602,3,3,2,1,0,25.49,3,6.56,Uptown,282100.0
5114,3,2,3,2,35,30.39,4,8.09,Uptown,646900.0
4908,2,4,2,2,26,29.95,10,6.97,Rural,592400.0
5946,2,1,1,1,35,11.23,10,8.29,Downtown,761800.0
4080,2,1,1,0,2,7.65,9,1.62,Downtown,570900.0
1278,3,3,1,1,33,13.46,4,4.97,Rural,147400.0
3265,3,4,2,1,34,19.45,6,6.67,Suburb,419000.0
2965,3,2,2,0,17,23.16,6,1.03,Downtown,420400.0
5136,5,1,2,2,3,33.56,9,1.5,Suburb,693000.0
2659,2,4,2,2,58,30.88,8,6.34,Suburb,330100.0
2307,6,2,3,0,42,27.21,10,8.69,Suburb,303200.0
940,5,1,3,0,37,10.91,6,6.6,Suburb,123400.0
5095,2,3,1,0,46,19.42,10,0.36,Suburb,642300.0
4654,2,2,1,2,40,13.75,8,9.7,Downtown,612100.0
726,2,4,1,1,8,9.78,8,1.4,Uptown,187000.0
2885,2,2,3,0,27,0.9,7,2.33,Rural,376800.0
3138,3,3,2,0,53,13.91,4,9.75,Downtown,430900.0
3081,1,3,3,0,17,10.62,7,7.71,Suburb,419400.0
5554,1,1,2,1,58,23.09,4,9.37,Suburb,667400.0
1328,3,2,2,2,3,2.96,7,8.07,Rural,246500.0
2184,5,1,1,0,19,11.19,3,6.52,Rural,241800.0
1495,2,3,2,0,21,2.27,8,2.85,Rural,176500.0
1842,6,4,1,1,37,25.84,6,3.27,Rural,246800.0
5489,3,4,2,2,10,22.94,8,9.47,Downtown,757100.0
5673,6,2,1,1,13,13.83,3,8.61,Suburb,727400.0
745,2,2,1,0,39,6.32,8,3.59,Downtown,157900.0
3976,4,3,1,0,17,38.34,9,3.73,Suburb,515400.0
1780,5,3,3,2,52,23.58,2,2.98,Suburb,229000.0
1559,1,4,3,2,52,27.32,4,3.26,Rural,157100.0
2106,6,1,2,2,18,21.49,7,8.61,Downtown,338900.0
1569,3,1,2,1,33,32.36,9,0.11,Rural,205600.0
3196,3,2,3,2,19,35.91,8,4.36,Suburb,417800.0
5975,4,2,2,1,20,15.62,5,9.43,Suburb,746900.0
3725,4,2,2,0,40,27.76,3,5.43,Rural,434900.0
4477,1,4,2,1,17,9.58,10,4.5,Downtown,627400.0
3213,6,1,2,2,8,26.25,9,3.12,Suburb,480700.0
576,4,4,2,1,15,16.27,9,0.74,Suburb,138700.0
962,6,3,3,2,55,0.77,4,2.24,Rural,131400.0
1978,3,3,2,2,15,38.24,5,0.9,Downtown,318400.0
1840,4,3,2,0,21,34.8,3,1.27,Uptown,277800.0
5123,3,1,1,0,37,11.99,10,1.64,Industrial,600300.0
5139,6,3,3,0,6,39.91,9,3.02,Uptown,735400.0
5197,5,1,3,2,16,13.03,2,0.11,Suburb,713400.0
4006,6,3,1,2,10,18.62,3,9.5,Rural,501000.0
3558,4,3,1,0,55,34.12,6,1.24,Downtown,490700.0
4070,5,3,3,0,55,12.53,5,3.83,Uptown,505200.0
2737,3,2,1,1,45,18.3,5,8.8,Suburb,342600.0
4186,3,2,3,1,14,26.79,4,1.07,Downtown,567100.0
4869,5,2,3,2,36,5.65,7,4.84,Suburb,660900.0
4695,1,1,3,2,39,17.18,9,8.45,Uptown,580000.0
3876,5,3,1,0,52,12.72,10,5.57,Uptown,522900.0
819,1,1,2,0,9,27.23,5,2.1,Suburb,103100.0
4487,4,2,2,1,44,5.87,9,7.36,Suburb,574200.0
2516,3,3,3,1,11,9.69,7,6.81,Uptown,412200.0
4590,3,1,1,2,34,28.6,2,3.62,Uptown,567700.0
3467,3,4,1,1,52,6.67,8,0.46,Uptown,509500.0
5346,3,2,1,1,3,17.17,4,0.08,Suburb,688100.0
2361,3,1,3,0,8,28.66,7,8.25,Rural,311900.0
5622,3,3,3,0,48,30.74,8,3.22,Uptown,690400.0
5144,4,3,1,2,1,4.25,10,1.38,Downtown,748600.0
2321,5,3,1,2,41,34.15,10,5.19,Suburb,310800.0
3154,4,4,1,0,30,29.1,9,9.21,Downtown,468500.0
3422,4,2,3,2,20,13.9,6,0.08,Suburb,482100.0
4727,6,4,2,1,51,30.67,5,0.56,Uptown,597800.0
4290,6,2,1,1,50,29.27,5,4.17,Downtown,549100.0
5186,1,3,1,2,19,24.24,10,6.76,Suburb,639800.0
2534,5,1,2,2,0,22.56,3,4.76,Downtown,409100.0
3276,2,3,2,0,7,29.52,6,8.98,Uptown,450500.0
2869,2,2,1,0,6,39.97,7,0.44,Uptown,388900.0
5502,5,3,3,2,58,23.35,1,3.4,Suburb,668200.0
2177,1,4,2,2,35,32.44,7,3.51,Rural,266300.0
3729,6,4,1,0,40,29.9,3,3.4,Downtown,495600.0
1160,5,4,3,2,13,34.3,3,4.88,Uptown,223700.0
5176,6,1,3,1,51,38.2,7,7.91,Rural,615300.0
2613,5,1,1,1,43,8.13,1,3.18,Downtown,360700.0
2373,6,4,1,0,45,7.04,2,7.44,Industrial,287200.0
3706,1,2,1,2,28,23.66,5,1.46,Downtown,494400.0
3243,6,1,3,2,41,18.25,6,5.61,Rural,415800.0
5163,1,2,2,1,32,23.04,2,3.75,Downtown,630100.0
3422,2,4,3,2,23,32.02,4,5.39,Rural,423700.0
3343,1,2,2,2,35,37.3,4,1.08,Downtown,449800.0
1077,3,1,2,2,19,16.99,6,9.53,Downtown,196400.0
620,5,3,2,2,57,28.86,4,9.06,Suburb,89100.0
2692,2,1,3,2,43,8.27,1,8.26,Industrial,281400.0
5990,5,2,2,2,44,21.61,6,8.93,Suburb,756600.0
5545,4,1,3,2,43,1.36,9,1.47,Rural,700900.0
3959,4,3,3,1,26,20.4,6,5.04,Suburb,507100.0
3969,6,2,3,2,57,22.04,4,3.18,Uptown,539700.0
2653,3,4,3,0,12,29.55,5,8.87,Suburb,330400.0
1476,3,2,2,1,34,26.15,2,1.89,Suburb,192700.0
547,6,1,1,1,4,14.66,3,2.2,Industrial,88200.0
2363,4,1,2,2,17,0.73,5,6.87,Suburb,329300.0
2240,4,1,3,0,34,5.06,6,0.89,Suburb,318800.0
1553,2,2,3,1,29,38.94,5,7.32,Uptown,196900.0
1925,2,1,2,0,56,36.93,10,2.68,Suburb,229800.0
636,2,2,1,2,36,13.34,7,6.61,Suburb,95100.0
3843,2,4,2,2,24,10.72,1,8.73,Suburb,474000.0
5601,2,4,3,0,25,17.74,6,6.1,Uptown,748100.0
4299,5,3,1,2,36,27.75,6,2.13,Uptown,581700.0
2965,1,4,1,1,47,14.59,1,0.49,Rural,339700.0
2811,4,4,1,2,16,3.16,4,0.45,Rural,408700.0
2191,6,3,3,2,35,16.41,9,0.89,Suburb,367800.0
1283,5,4,2,0,34,10.79,4,5.8,Downtown,243700.0
3791,3,1,1,0,0,13.33,5,3.48,Downtown,529600.0
3615,1,4,1,1,54,6.94,3,2.43,Downtown,449400.0
540,6,2,1,0,34,26.52,1,2.19,Downtown,124800.0
2785,1,3,2,0,14,21.3,4,9.49,Rural,335100.0
2029,5,4,3,2,38,11.2,8,1.19,Downtown,363000.0
1436,5,2,2,2,40,22.38,10,3.05,Downtown,210000.0
4366,2,1,3,1,54,19.96,7,4.71,Suburb,537500.0
3392,5,2,3,0,2,31.94,9,0.0,Downtown,537200.0
3985,2,2,3,0,24,38.26,7,9.21,Downtown,513700.0
4424,2,4,1,2,10,5.66,7,0.99,Downtown,652500.0
5899,5,4,3,0,34,35.41,5,6.82,Suburb,749900.0
4915,6,3,1,0,30,28.34,1,6.29,Suburb,600500.0
3911,2,4,2,1,28,27.86,5,8.09,Uptown,524600.0
5334,6,2,3,1,58,15.28,9,6.51,Uptown,682800.0
3126,6,2,1,1,31,14.08,6,7.69,Uptown,438200.0
5916,5,4,1,1,24,0.72,8,4.21,Rural,762100.0
4687,1,3,1,2,4,39.3,1,4.89,Uptown,576800.0
4079,2,3,1,1,17,24.46,3,7.02,Suburb,507200.0
5468,5,2,2,2,53,16.39,3,5.68,Rural,668000.0
3332,6,3,3,1,27,21.98,4,5.12,Suburb,474400.0
4463,5,4,1,1,54,2.1,10,2.06,Suburb,609600.0
2066,3,2,2,1,31,7.36,5,2.58,Suburb,260500.0
5797,2,1,3,2,32,25.12,7,3.58,Downtown,733300.0
3928,6,1,3,2,25,20.81,7,0.09,Uptown,566000.0
4801,2,1,1,0,33,31.59,5,4.17,Downtown,601000.0
3034,3,2,2,2,4,26.52,10,0.03,Rural,405700.0
5267,6,3,1,2,3,24.26,3,5.65,Uptown,745600.0
907,4,4,1,2,28,32.7,1,7.04,Suburb,126100.0
1127,2,1,1,0,35,3.2,8,5.62,Downtown,197000.0
3289,1,4,2,2,33,27.79,7,6.94,Suburb,426800.0
4528,3,3,1,0,25,28.77,3,0.0,Suburb,566200.0
4950,6,1,1,0,17,11.37,9,0.59,Industrial,672700.0
2920,3,2,1,2,42,8.23,2,6.98,Rural,317600.0
4073,5,2,2,0,36,8.95,3,8.03,Rural,479900.0
3542,2,4,2,2,2,8.33,2,7.18,Suburb,461600.0
5788,5,4,2,1,27,21.19,2,6.63,Rural,732200.0
4097,5,4,1,0,42,5.86,8,7.07,Rural,527600.0
2792,4,3,2,0,47,26.54,8,7.4,Downtown,380100.0
5833,5,2,2,2,17,4.65,7,7.24,Downtown,791600.0
1089,4,2,1,2,55,1.56,9,7.38,Downtown,218000.0
5915,3,4,3,1,39,13.11,1,0.74,Suburb,748500.0
1347,5,1,3,2,26,8.08,7,0.63,Uptown,275000.0
2085,6,2,2,0,37,39.55,2,3.61,Rural,238400.0
5018,6,1,2,1,52,12.47,10,5.28,Suburb,654400.0
4535,2,2,3,0,13,9.27,7,7.63,Uptown,610300.0
5836,5,2,2,1,9,8.27,8,3.35,Downtown,807900.0
4624,1,1,2,0,26,15.27,6,2.75,Downtown,601100.0
4003,4,2,2,1,5,24.43,4,7.81,Uptown,523400.0
2405,4,4,1,1,50,31.39,7,2.49,Uptown,339900.0
525,3,3,3,1,58,14.9,9,8.21,Rural,69700.0
1181,6,4,1,1,36,25.23,2,1.77,Downtown,233100.0
2137,6,4,1,1,58,19.54,9,3.59,Industrial,278200.0
725,1,4,3,1,4,33.94,8,4.01,Uptown,154500.0
3294,2,2,2,0,37,22.98,1,3.0,Rural,386800.0
4775,2,4,2,0,26,11.95,10,0.03,Downtown,683400.0
5797,6,4,1,1,16,28.29,2,2.36,Suburb,772200.0
3193,4,4,1,2,18,32.89,7,3.38,Uptown,478500.0
5312,5,2,3,2,32,18.88,2,3.14,Uptown,696700.0
5920,5,1,2,1,38,39.49,2,7.86,Suburb,710100.0
5229,5,3,1,2,9,35.22,7,0.47,Suburb,707300.0
3057,1,4,3,2,36,8.28,7,3.89,Rural,366500.0
2288,1,4,2,1,55,31.58,7,0.38,Suburb,262600.0
5878,3,3,3,0,0,24.24,4,9.31,Suburb,727000.0
1830,3,1,2,1,52,21.63,9,7.9,Downtown,257000.0
2763,5,2,2,1,36,20.8,1,9.82,Downtown,370400.0
907,1,3,3,0,20,34.21,9,9.1,Uptown,124400.0
4865,3,3,3,2,44,24.63,4,3.16,Downtown,643800.0
4074,2,2,1,2,37,21.74,7,6.92,Downtown,532000.0
966,2,2,3,0,46,2.43,10,3.07,Uptown,191600.0
1720,2,1,3,1,4,18.21,3,8.88,Rural,235400.0
3555,2,2,2,0,3,36.37,5,4.11,Downtown,493100.0
3472,4,3,1,0,38,28.61,9,3.76,Suburb,437300.0
4911,3,1,1,0,18,2.51,9,9.14,Uptown,657200.0
1963,3,4,1,1,14,35.42,3,8.37,Suburb,253800.0
5585,3,1,1,0,25,33.15,6,9.66,Suburb,662300.0
2944,5,3,3,0,43,22.09,4,0.66,Suburb,379500.0
5024,6,2,3,1,10,1.39,6,2.43,Downtown,725500.0
1811,4,4,2,1,58,22.72,4,3.01,Rural,206700.0
703,4,4,2,0,25,2.66,1,4.24,Downtown,177000.0
802,5,3,3,1,9,13.15,10,4.73,Suburb,196900.0
2549,5,3,2,0,4,25.34,7,2.91,Downtown,440500.0
5742,1,3,2,2,51,36.56,5,7.9,Downtown,713100.0
767,6,3,2,1,6,14.63,2,2.23,Downtown,208400.0
2529,1,1,1,2,25,34.47,1,6.97,Uptown,294000.0
1101,3,2,1,0,40,36.78,5,8.52,Downtown,135900.0
5623,4,1,2,2,30,1.33,7,6.04,Suburb,715400.0
4214,3,2,3,1,15,9.96,3,3.54,Downtown,576400.0
4694,2,3,1,0,6,28.54,8,1.88,Rural,544500.0
4422,6,1,1,2,42,30.4,4,1.34,Suburb,541400.0
4113,1,1,1,0,29,16.0,1,7.44,Uptown,514800.0
4755,2,4,3,0,2,26.44,6,4.69,Rural,603900.0
544,6,2,2,2,10,24.68,2,0.46,Suburb,124900.0
5260,5,1,2,0,33,29.72,1,9.84,Rural,606600.0
4569,1,3,2,1,10,28.89,2,6.71,Downtown,564100.0
4566,5,3,1,0,23,3.89,3,8.44,Industrial,558300.0
2663,6,4,3,0,7,6.75,6,4.38,Industrial,400400.0
4904,1,4,1,0,47,5.74,10,9.55,Suburb,600800.0
2600,3,4,1,0,37,37.33,3,2.0,Rural,266400.0
769,3,3,3,1,47,36.58,1,1.85,Downtown,119900.0
5492,1,2,2,1,3,32.0,2,8.9,Suburb,681300.0
1789,2,4,1,0,22,5.11,4,8.92,Uptown,264000.0
1060,2,2,2,1,16,23.18,3,4.99,Uptown,144500.0
3920,2,2,1,0,37,7.9,4,1.26,Suburb,520500.0
1785,3,4,3,1,49,15.05,10,3.05,Rural,219500.0
5219,3,4,3,2,13,11.05,4,7.54,Rural,655500.0
2940,2,2,1,2,46,33.24,7,8.46,Downtown,361100.0
524,2,3,2,2,34,6.21,7,3.48,Rural,65600.0
5734,2,4,1,0,49,26.02,2,0.61,Rural,652000.0
3330,5,4,2,0,4,39.36,3,6.66,Uptown,473900.0
1946,2,1,1,2,59,27.64,5,7.39,Industrial,188900.0
4225,6,3,1,0,26,3.63,5,4.24,Downtown,599100.0
3418,4,1,2,2,16,36.36,1,5.83,Downtown,443200.0
662,5,4,3,1,10,25.9,7,9.87,Downtown,187700.0
4678,4,1,3,0,59,18.52,4,2.45,Downtown,607700.0
2707,2,4,1,2,53,26.56,4,5.73,Suburb,323900.0
4348,4,1,3,1,7,35.22,7,6.11,Uptown,589500.0
5425,2,2,1,2,26,19.35,10,5.49,Suburb,684400.0
3858,1,1,3,1,44,21.49,9,8.69,Rural,438000.0
4193,2,4,1,0,35,18.37,10,6.05,Suburb,530900.0
1900,2,2,2,2,11,3.37,5,5.08,Suburb,293800.0
1807,1,3,1,0,21,31.59,2,1.23,Uptown,271400.0
2782,1,1,3,1,22,5.49,3,7.03,Rural,325400.0
5190,6,2,1,1,17,16.09,4,1.32,Suburb,684600.0
3383,4,4,3,2,57,15.78,4,0.27,Uptown,468300.0
2414,3,4,1,2,12,11.56,3,4.89,Suburb,330500.0
4787,6,1,2,1,42,16.4,2,5.72,Downtown,642400.0
5193,2,2,1,2,54,24.91,2,9.99,Suburb,597300.0
5463,3,2,3,0,47,12.8,7,7.12,Rural,641500.0
2144,6,3,2,0,47,7.31,5,8.49,Suburb,307500.0
4403,4,3,3,2,9,34.84,1,3.46,Uptown,591600.0
3746,3,1,3,1,7,38.85,6,5.09,Suburb,466400.0
2969,2,4,2,1,46,18.61,9,9.74,Suburb,379300.0
2683,1,1,1,0,44,13.42,5,4.17,Uptown,332500.0
1130,1,2,1,0,44,2.38,4,8.07,Suburb,139700.0
2011,1,4,1,2,25,1.96,3,5.26,Suburb,283700.0
3523,5,3,3,2,31,16.02,4,2.24,Downtown,515500.0
5376,4,2,3,2,0,37.24,3,5.8,Suburb,683000.0
5264,3,4,2,1,17,29.36,10,2.18,Suburb,695100.0
1531,5,2,3,1,31,14.3,10,0.03,Downtown,300800.0
4236,1,3,1,0,7,38.74,4,2.36,Suburb,528100.0
966,2,1,3,0,7,17.44,10,1.93,Downtown,212900.0
4212,3,1,2,1,2,11.43,9,3.71,Downtown,605500.0
2380,6,2,1,1,12,17.34,1,8.89,Suburb,338800.0
2974,4,3,1,0,59,8.86,5,3.88,Suburb,360500.0
4447,6,4,2,1,41,35.48,7,8.45,Rural,582500.0
2836,2,2,2,1,56,14.77,5,5.56,Rural,321800.0
4940,6,4,1,2,15,26.49,5,0.08,Suburb,653500.0
3434,1,3,2,2,35,15.87,5,1.89,Downtown,473000.0
5993,2,1,1,1,53,36.12,7,9.31,Suburb,699200.0
4010,4,3,3,1,21,25.87,3,6.04,Downtown,547600.0
2129,1,3,2,2,39,19.79,6,9.3,Suburb,236700.0
4764,6,2,1,2,41,5.72,3,3.1,Rural,576300.0
2743,6,2,2,0,49,36.13,9,7.17,Rural,335000.0
3437,4,2,3,2,58,22.1,1,7.72,Suburb,379800.0
1252,2,3,2,0,36,11.76,1,9.76,Uptown,142700.0
1156,1,3,3,1,34,35.18,1,0.18,Downtown,181100.0
3661,4,2,2,0,52,2.65,4,9.52,Uptown,464100.0
1526,4,2,3,2,41,12.91,7,3.92,Uptown,238300.0
5986,5,2,1,0,21,21.7,10,8.38,Suburb,758200.0
5206,4,2,1,2,37,13.92,5,5.45,Downtown,665700.0
4354,1,2,2,0,32,19.33,2,5.65,Downtown,555100.0
4540,1,2,3,0,13,10.94,4,3.59,Uptown,583400.0
3773,5,3,3,1,30,5.64,2,8.28,Downtown,524000.0
831,1,1,3,2,37,1.96,5,2.64,Uptown,148700.0
2658,6,3,3,0,54,6.73,8,4.92,Suburb,369300.0
3226,1,1,2,0,34,38.14,1,5.6,Suburb,340600.0
5534,5,2,1,0,9,23.23,8,7.43,Rural,661200.0
1707,6,4,3,1,59,19.81,3,4.72,Downtown,277500.0
3233,3,4,2,0,34,15.68,7,6.8,Suburb,423500.0
2392,1,3,1,2,17,28.48,9,4.85,Uptown,331000.0
1239,6,3,1,0,45,6.08,8,6.59,Downtown,217300.0
1066,2,1,3,2,23,11.41,7,6.74,Uptown,183000.0
2509,4,2,1,2,22,26.41,7,7.09,Industrial,308300.0
953,6,3,1,2,50,19.42,2,8.23,Downtown,168200.0
869,5,4,3,2,52,30.92,2,5.41,Suburb,149400.0
2429,1,3,1,2,31,35.94,4,1.93,Downtown,339200.0
1610,5,4,1,0,22,33.02,7,6.8,Rural,208900.0
3551,1,2,3,1,51,7.78,7,0.77,Industrial,421900.0
597,5,1,2,2,10,4.11,8,2.19,Uptown,177300.0
2159,4,1,3,1,44,7.19,4,7.92,Uptown,298000.0
2993,2,3,2,2,35,31.45,9,4.35,Downtown,440900.0
5797,3,3,1,2,51,36.6,5,4.98,Suburb,678500.0
3989,1,2,1,2,25,37.06,3,9.87,Downtown,493700.0
5343,6,4,3,0,49,12.28,8,2.35,Uptown,744900.0
2388,2,3,1,1,0,33.69,2,0.2,Downtown,358800.0
2973,2,2,2,0,45,21.68,5,1.11,Downtown,391400.0
2812,4,1,2,0,4,33.0,8,2.45,Downtown,397500.0
5380,5,3,2,0,38,22.16,8,7.26,Downtown,684600.0
5775,4,3,3,1,11,6.26,3,7.76,Downtown,816700.0
5792,4,1,2,1,57,3.63,2,5.65,Downtown,737000.0
4635,4,2,2,2,46,38.31,1,2.55,Uptown,565300.0
3267,6,2,2,2,6,17.32,1,5.22,Uptown,478000.0
3474,3,3,2,2,53,14.35,9,0.15,Suburb,444700.0
5892,5,1,3,0,15,14.57,8,6.82,Uptown,780900.0
2064,5,4,1,1,32,15.47,6,6.14,Suburb,282900.0
2406,6,2,1,2,5,37.83,6,0.22,Uptown,356300.0
5433,6,2,2,0,6,2.98,4,8.17,Suburb,688600.0
2624,5,1,2,1,14,5.2,2,7.63,Suburb,334400.0
1793,2,4,1,2,32,31.69,1,3.08,Suburb,236100.0
3582,5,1,3,2,32,22.2,7,6.35,Downtown,493000.0
2289,5,4,2,2,51,5.58,1,6.01,Suburb,314600.0
5399,2,2,1,1,9,1.86,2,1.43,Uptown,723500.0
5499,5,4,3,1,44,9.36,8,1.93,Uptown,749800.0
2183,2,1,3,1,0,10.8,6,6.83,Suburb,305800.0
3412,4,1,2,2,17,1.06,5,9.34,Suburb,458200.0
5911,5,4,1,1,10,9.04,3,5.76,Uptown,787700.0
4582,2,4,1,1,7,29.66,2,5.68,Downtown,626400.0
1685,3,3,2,0,35,34.29,5,6.47,Downtown,271700.0
3749,5,1,1,1,54,35.98,4,4.41,Suburb,463500.0
3909,3,4,2,0,40,15.9,6,0.54,Downtown,510900.0
4093,6,2,1,1,51,13.12,2,3.97,Suburb,505500.0
637,1,4,1,2,35,39.99,3,9.0,Downtown,93700.0
2146,5,4,2,2,3,30.89,2,8.05,Suburb,318300.0
5200,5,4,3,1,20,21.73,5,9.27,Rural,627800.0
1827,6,3,3,2,49,10.56,3,1.53,Uptown,266700.0
2148,1,3,1,2,2,13.19,3,5.06,Rural,288400.0
2273,6,3,1,1,5,20.86,6,5.85,Suburb,336300.0
1475,3,1,2,2,50,21.91,5,2.1,Uptown,183000.0
1354,3,2,2,1,3,1.04,3,2.01,Rural,183500.0
2408,3,3,3,2,57,38.4,7,7.82,Suburb,295100.0
5308,4,4,3,1,45,23.24,4,6.72,Downtown,684700.0
508,4,3,2,0,39,23.77,4,6.47,Rural,55200.0
2057,3,3,1,0,32,8.85,5,2.67,Suburb,264900.0
833,1,1,1,2,5,30.72,2,5.07,Rural,52600.0
3588,6,2,1,0,24,29.62,5,0.23,Uptown,518600.0
1878,2,3,2,2,48,4.26,6,1.3,Uptown,284900.0
4855,1,4,1,0,54,24.0,2,5.18,Uptown,572400.0
3717,4,2,1,1,26,26.5,6,3.1,Rural,445800.0
4811,3,1,3,1,50,33.5,1,9.66,Industrial,533700.0
3991,4,2,3,1,46,8.64,7,4.71,Uptown,546600.0
2911,6,1,2,0,3,35.17,1,0.84,Downtown,446300.0
5235,1,3,3,0,37,18.73,2,0.18,Rural,603800.0
3119,2,3,3,1,36,4.31,4,7.25,Downtown,435200.0
5724,4,4,3,1,32,4.67,7,1.72,Suburb,766100.0
5970,5,4,3,2,46,8.31,8,1.88,Suburb,781000.0
3739,4,1,1,1,53,11.67,5,4.24,Suburb,455400.0
4210,3,1,3,0,33,20.11,2,2.64,Downtown,541800.0
1906,4,2,3,0,19,30.08,4,6.17,Downtown,298000.0
4980,6,1,3,1,58,7.88,8,4.86,Downtown,654600.0
4193,3,4,2,1,57,39.71,1,1.11,Rural,476700.0
5464,6,1,3,2,41,6.88,8,7.85,Uptown,735700.0
1968,5,1,3,1,38,24.18,4,4.26,Industrial,224200.0
4831,2,4,3,1,6,37.19,1,6.11,Suburb,610400.0
3086,2,4,3,0,24,33.38,7,0.04,Suburb,406000.0
1518,5,1,3,0,11,26.09,1,6.26,Uptown,222100.0
1441,2,2,2,2,30,28.76,4,2.83,Downtown,229800.0
3591,3,3,3,1,49,5.8,2,4.94,Industrial,423100.0
2256,2,3,2,1,13,0.88,6,2.98,Rural,298200.0
1060,4,4,3,1,59,17.65,1,9.96,Suburb,117700.0
2849,2,2,3,0,7,4.04,1,2.31,Downtown,416000.0
4091,4,1,3,1,5,14.63,6,9.13,Downtown,569300.0
2254,6,2,2,1,58,9.34,10,9.18,Suburb,332500.0
5754,5,3,2,0,6,36.7,1,4.21,Suburb,732700.0
4787,6,3,1,1,44,35.26,5,3.04,Uptown,622700.0
3320,1,3,2,1,45,32.85,9,3.81,Rural,365700.0
5640,3,4,2,0,19,28.7,3,9.89,Suburb,704600.0
2881,2,4,2,1,3,6.59,5,6.19,Downtown,431500.0
1268,6,2,3,2,18,2.41,9,5.45,Suburb,236800.0
697,5,2,3,0,4,26.33,8,0.36,Downtown,209800.0
5659,2,3,1,2,40,25.87,3,8.48,Rural,652000.0
5778,4,2,2,1,53,15.09,8,0.84,Rural,665200.0
4565,4,2,3,2,59,19.17,7,0.47,Uptown,597500.0
1066,3,1,3,0,48,19.82,6,2.75,Suburb,140700.0
2115,3,2,3,2,46,9.98,5,4.76,Suburb,275400.0
725,1,3,3,1,52,12.91,10,8.95,Uptown,122600.0
781,3,4,3,2,46,17.03,9,7.9,Rural,81700.0
1853,3,4,3,2,39,24.33,10,1.98,Rural,212000.0
3646,5,2,2,0,59,38.25,7,3.72,Suburb,427500.0
860,6,1,1,0,19,21.77,4,7.8,Uptown,158800.0
5915,5,1,2,0,24,29.38,2,5.27,Downtown,712700.0
3003,1,2,3,1,54,32.38,2,1.74,Suburb,325400.0
1951,6,3,1,2,18,4.98,10,3.96,Uptown,320400.0
3338,3,4,3,1,17,26.3,4,6.26,Downtown,472800.0
4845,3,4,2,0,9,19.54,2,9.73,Uptown,660600.0
2219,6,1,3,0,16,23.11,3,6.62,Suburb,305100.0
761,6,3,1,1,35,2.02,1,0.16,Downtown,179700.0
780,1,2,3,2,53,36.3,6,7.05,Downtown,122900.0
5185,3,1,2,0,8,38.13,6,2.51,Uptown,670300.0
1113,5,3,2,1,40,0.64,4,8.62,Uptown,190900.0
3995,4,1,2,1,45,8.91,8,3.84,Suburb,527200.0
2614,2,2,2,0,53,7.62,5,2.0,Downtown,363100.0
4776,4,3,3,2,45,31.36,10,4.68,Downtown,654600.0
832,6,2,1,2,9,24.12,8,2.55,Downtown,210800.0
5437,2,3,3,1,29,7.5,1,2.36,Rural,651500.0
4340,5,2,3,2,57,32.65,3,5.73,Downtown,575000.0
2971,5,4,1,2,54,14.46,8,7.67,Downtown,424400.0
1638,6,1,1,2,36,18.7,6,8.35,Downtown,282300.0
5874,2,1,2,0,57,15.8,8,3.98,Suburb,686500.0
2161,2,3,3,0,40,21.09,4,0.67,Rural,274500.0
3197,4,2,3,1,3,19.47,1,4.84,Rural,413300.0
2667,4,3,3,0,54,11.35,8,4.34,Suburb,341300.0
1768,3,1,3,0,10,17.27,8,1.97,Industrial,240600.0
2791,5,3,2,1,22,36.38,7,8.96,Suburb,363000.0
1333,5,4,2,1,14,20.36,5,9.74,Uptown,235600.0
509,2,1,1,0,43,36.7,1,0.52,Rural,25000.0
2094,5,2,2,0,1,22.23,8,7.96,Downtown,348100.0
1116,2,4,1,0,38,30.87,7,6.46,Uptown,174400.0
2781,3,3,1,1,51,12.1,7,2.61,Suburb,365700.0
5245,1,1,3,2,47,31.72,2,6.35,Rural,559900.0
1394,3,1,3,1,18,10.94,8,1.29,Downtown,245500.0
506,6,4,2,0,53,1.27,8,0.69,Suburb,134500.0
1111,3,4,1,1,21,6.85,9,9.93,Uptown,210700.0
3294,5,2,1,0,40,1.36,6,6.36,Downtown,457100.0
2011,1,2,1,0,30,37.91,8,2.53,Downtown,300300.0
3192,4,4,3,0,4,40.0,5,4.5,Suburb,448200.0
660,3,1,1,1,0,30.61,7,9.5,Suburb,97900.0
2332,5,1,1,1,10,4.77,7,4.39,Uptown,356000.0
2755,6,4,3,1,56,36.01,8,9.0,Rural,332200.0
2872,4,1,3,1,57,29.88,9,8.69,Uptown,363800.0
3531,1,4,3,1,24,13.62,1,3.44,Suburb,467000.0
4793,3,2,1,2,58,20.34,8,6.96,Suburb,593100.0
3069,1,4,2,2,2,26.64,8,6.6,Downtown,454200.0
5126,3,1,1,0,58,1.45,6,7.71,Downtown,656000.0
3413,1,4,3,2,13,20.31,6,3.66,Rural,446900.0
1931,4,1,1,0,2,29.43,8,0.52,Downtown,322100.0
1759,2,1,3,0,45,7.93,5,1.71,Downtown,266000.0
2273,2,3,2,1,22,18.03,5,6.17,Uptown,329400.0
3786,1,3,3,0,17,21.53,9,7.75,Suburb,494600.0
1833,6,4,2,1,45,29.55,8,7.56,Downtown,286500.0
5527,6,1,1,0,19,38.6,3,5.84,Rural,646700.0
3139,5,1,3,1,45,34.01,9,0.85,Suburb,409300.0
5248,1,3,2,2,11,25.05,4,0.17,Uptown,676800.0
4257,3,4,2,2,5,23.55,2,7.82,Rural,506200.0
2333,6,2,2,0,19,24.33,9,5.49,Downtown,388000.0
1755,4,4,2,1,36,22.03,3,7.83,Downtown,274000.0
4591,1,4,2,1,13,2.84,3,1.63,Suburb,579800.0
2319,1,4,1,1,8,28.08,3,4.07,Rural,272500.0
1857,2,3,1,1,44,28.8,5,9.19,Suburb,207700.0
5617,6,3,1,2,29,20.74,2,1.72,Rural,701300.0
3154,2,3,1,1,25,34.88,2,0.62,Suburb,370500.0
767,6,3,3,0,14,27.06,4,6.53,Suburb,128100.0
3221,5,3,1,2,1,14.83,3,5.95,Downtown,495000.0
3034,6,3,1,2,3,1.28,2,9.52,Downtown,447400.0
5251,5,2,1,0,40,2.84,10,9.06,Suburb,670400.0
4413,2,3,3,1,4,14.4,6,7.49,Suburb,577100.0
1552,5,4,2,2,14,18.75,1,0.19,Uptown,271900.0
1327,2,4,1,1,54,7.09,2,4.8,Downtown,199200.0
3819,2,3,2,1,20,7.98,9,8.96,Rural,502700.0
760,2,1,1,2,44,9.59,3,4.34,Downtown,100900.0
2254,1,3,1,2,20,31.33,2,9.62,Rural,250400.0
1260,1,2,1,1,55,30.97,7,6.52,Downtown,123400.0
613,2,1,3,0,49,15.63,9,1.09,Rural,89000.0
5553,1,1,1,1,28,7.31,4,5.09,Downtown,675500.0
994,3,3,2,2,41,4.88,8,6.96,Downtown,232700.0
550,1,4,3,0,24,3.94,5,0.65,Suburb,108500.0
5630,1,3,3,1,56,15.96,2,3.45,Suburb,686200.0
1535,6,2,2,1,21,2.3,8,7.17,Suburb,275900.0
4991,1,1,1,0,50,13.68,10,1.57,Suburb,597000.0
672,1,3,2,1,36,38.48,10,3.48,Industrial,54400.0
1344,1,1,1,2,38,20.55,2,6.9,Suburb,126900.0
1108,1,4,2,0,21,32.99,6,7.76,Suburb,155400.0
4384,4,4,1,1,49,5.61,7,5.19,Uptown,579200.0
3910,5,4,2,2,44,11.09,1,9.57,Rural,457900.0
3115,5,2,2,0,48,37.89,10,9.25,Suburb,395000.0
1829,4,1,3,1,48,15.65,2,4.73,Suburb,213900.0
988,1,2,2,0,9,26.11,3,1.6,Downtown,166600.0
3630,5,4,3,1,52,39.06,10,7.73,Suburb,470200.0
1768,1,1,2,1,50,22.26,6,2.43,Suburb,193400.0
3746,4,4,3,0,14,12.56,7,8.43,Uptown,526500.0
4281,3,1,2,0,58,21.51,5,5.87,Uptown,541900.0
5171,6,1,3,1,31,2.66,8,3.94,Downtown,724800.0
3216,2,1,2,2,19,4.94,1,5.56,Downtown,435700.0
526,4,4,3,0,13,0.78,7,5.33,Suburb,141900.0
2043,3,3,2,2,21,35.43,1,9.25,Suburb,257900.0
5193,4,2,2,0,2,27.02,2,2.14,Suburb,650500.0
3432,6,3,2,1,41,12.28,6,9.28,Rural,437100.0
3905,5,3,3,1,42,9.24,5,0.31,Suburb,531100.0
3018,3,3,2,1,40,27.48,2,7.69,Uptown,353400.0
1395,3,3,1,0,32,36.82,8,9.2,Suburb,200800.0
5431,5,1,3,2,21,12.32,4,3.94,Downtown,764200.0
4751,3,2,3,0,43,13.2,9,0.73,Suburb,599700.0
5973,2,3,1,2,52,34.24,1,8.05,Rural,643500.0
5205,3,1,3,1,5,35.79,3,8.43,Suburb,645800.0
2101,1,2,2,1,22,36.6,3,3.36,Suburb,228800.0
1898,2,1,1,0,59,12.08,6,5.19,Suburb,232000.0
1866,3,4,2,1,51,5.25,5,8.09,Rural,213500.0
5553,5,1,3,2,59,17.88,2,1.92,Uptown,725100.0
3563,5,1,1,2,10,12.18,6,6.29,Suburb,472600.0
2999,2,3,3,2,27,35.41,10,4.31,Downtown,433100.0
5825,3,1,2,0,7,1.95,2,1.74,Suburb,763300.0
3818,1,2,1,1,51,25.54,3,8.31,Suburb,418200.0
5501,5,2,2,1,31,36.29,5,3.25,Industrial,658600.0
5915,2,1,2,2,14,39.08,8,9.34,Suburb,739800.0
936,5,4,3,2,5,26.18,2,5.69,Rural,145000.0
2488,6,3,3,2,44,38.02,3,5.15,Uptown,327800.0
4537,5,1,1,0,48,3.49,3,4.23,Rural,513800.0
4972,2,3,3,0,52,14.69,7,4.01,Downtown,656500.0
1316,6,3,2,2,58,0.84,1,8.18,Rural,165400.0
2251,5,3,1,2,48,39.26,7,6.78,Suburb,302000.0
3514,4,3,3,1,47,36.16,5,7.74,Suburb,425800.0
4895,6,4,2,0,48,1.61,4,4.21,Industrial,583200.0
1121,6,2,2,0,59,1.22,9,2.61,Suburb,150900.0
3804,1,2,3,2,27,15.0,9,0.87,Suburb,545800.0
2130,6,3,1,1,45,10.71,9,7.77,Downtown,348800.0
1689,5,4,1,1,49,33.95,9,4.15,Downtown,273800.0
3334,2,3,3,2,6,6.84,3,5.09,Rural,434700.0
2777,2,1,1,0,41,31.73,9,4.69,Uptown,327700.0
3996,5,2,1,2,20,22.4,2,4.31,Rural,479200.0
2246,2,3,1,0,7,15.41,4,6.84,Suburb,325000.0
5028,3,1,3,2,10,6.26,6,6.09,Downtown,704800.0
929,5,4,1,2,6,39.91,8,9.72,Suburb,156300.0
5240,4,4,1,1,53,24.91,6,1.39,Suburb,635700.0
664,6,4,2,0,46,17.86,6,5.74,Uptown,136600.0
4547,1,1,1,0,6,15.16,4,0.63,Rural,540000.0
2405,2,3,2,0,37,36.28,6,8.08,Uptown,334200.0
2608,6,3,2,2,39,32.94,5,6.16,Uptown,366600.0
604,4,3,2,0,31,32.54,5,4.28,Suburb,78800.0
4361,2,4,2,1,36,24.84,6,8.02,Rural,512500.0
1410,2,2,3,1,54,35.57,7,4.55,Rural,142600.0
4125,3,3,2,2,31,12.32,4,2.28,Industrial,482000.0
4488,4,3,2,2,39,28.3,2,4.73,Suburb,561400.0
5148,2,4,1,1,34,16.48,3,0.71,Rural,635000.0
4394,4,4,1,2,23,24.2,5,8.98,Suburb,566000.0
2158,3,2,1,1,53,39.93,2,7.31,Rural,188300.0
4562,4,4,1,1,24,39.39,2,7.6,Uptown,571700.0
5042,1,1,1,0,47,20.75,10,8.74,Uptown,586000.0
2244,4,2,1,0,36,23.17,3,7.92,Downtown,303400.0
1182,6,3,1,1,41,35.94,8,4.32,Downtown,219300.0
5395,1,1,1,0,45,39.43,2,1.19,Uptown,615300.0
1313,2,2,2,0,44,31.26,10,3.73,Rural,171800.0
3766,5,3,1,1,33,3.07,3,9.34,Uptown,518600.0
1799,4,3,1,1,36,13.24,4,9.49,Suburb,208100.0
1193,5,1,1,2,30,35.91,8,7.68,Uptown,161000.0
4770,4,2,1,2,20,30.85,3,2.04,Rural,563000.0
1290,5,1,1,2,43,29.82,6,1.94,Downtown,236600.0
4186,4,3,2,0,52,26.88,8,8.8,Downtown,561000.0
4312,1,2,2,1,42,16.9,1,1.42,Rural,509900.0
831,5,3,3,2,46,16.43,1,5.84,Downtown,162000.0
1451,3,3,2,1,49,32.45,8,3.78,Uptown,206600.0
4868,1,4,2,1,22,12.1,3,3.02,Suburb,595800.0
3290,3,1,3,1,3,27.55,10,6.77,Suburb,454400.0
1167,3,4,1,1,20,29.19,10,9.6,Suburb,176600.0
5954,1,1,3,1,45,33.86,9,7.78,Industrial,665800.0
1957,6,1,3,0,48,13.14,10,4.86,Rural,283700.0
522,2,1,2,1,30,29.8,9,4.41,Uptown,97700.0
5582,2,1,3,0,46,4.71,4,9.08,Uptown,705700.0
591,3,4,1,2,4,5.95,10,5.78,Suburb,132000.0
3543,5,1,3,2,38,16.98,4,4.97,Uptown,519800.0
5961,5,3,2,1,40,2.68,6,6.83,Suburb,759600.0
3677,5,2,1,1,30,37.93,1,2.37,Suburb,463800.0
3715,2,1,1,2,42,36.12,10,0.64,Suburb,470700.0
2634,6,2,3,1,29,2.43,6,8.55,Suburb,371800.0
1198,5,1,2,1,31,33.61,10,6.07,Rural,167900.0
3649,3,2,1,0,36,20.6,4,1.65,Suburb,463400.0
5435,4,3,2,0,47,28.23,4,2.98,Rural,629100.0
1001,1,3,3,0,14,35.53,6,9.9,Industrial,83800.0
5342,5,2,2,0,18,23.29,9,6.34,Suburb,696400.0
2782,6,4,1,2,25,5.09,6,6.36,Downtown,442500.0
3449,3,3,1,1,12,0.6,8,0.72,Rural,485900.0
1409,4,2,1,2,20,20.13,3,9.69,Downtown,236700.0
3919,3,2,3,1,21,37.99,8,8.93,Uptown,513300.0
1502,1,1,3,2,18,23.12,8,5.48,Suburb,217600.0
2002,4,4,3,1,24,15.23,9,3.09,Suburb,285500.0
4468,5,4,2,1,30,1.72,1,6.98,Suburb,574700.0
777,6,2,3,2,41,36.64,4,8.33,Suburb,120000.0
2959,6,3,2,1,18,13.42,1,7.86,Suburb,421100.0
3770,3,3,2,0,50,28.34,5,9.77,Suburb,445700.0
1226,6,3,1,1,28,27.92,8,6.37,Suburb,220400.0
2121,4,1,2,1,43,10.53,7,3.21,Uptown,319900.0
2389,4,4,2,1,6,3.02,8,4.98,Downtown,403600.0
4149,4,4,1,2,10,15.71,8,8.16,Suburb,563300.0
5871,6,4,2,2,27,13.03,10,2.65,Downtown,840100.0
5099,5,4,3,1,21,28.16,9,2.31,Suburb,683100.0
1543,1,4,2,0,29,32.88,6,7.25,Downtown,247800.0
599,1,3,2,1,9,9.29,9,4.44,Uptown,131400.0
785,3,1,1,2,28,21.37,1,8.17,Downtown,130200.0
3776,4,2,1,0,41,2.1,8,1.44,Rural,484400.0
1359,5,1,1,2,43,8.96,6,3.36,Suburb,195100.0
1772,3,1,1,1,14,30.59,10,2.68,Suburb,245600.0
5160,4,4,3,2,20,31.84,6,6.98,Downtown,704200.0
5306,6,4,3,2,31,31.17,2,7.59,Rural,666400.0
5114,3,3,2,2,31,6.12,8,4.56,Uptown,681400.0
1895,3,3,2,2,47,22.27,10,4.78,Downtown,280700.0
3908,4,1,2,0,23,17.2,1,1.32,Industrial,475400.0
3859,3,1,2,1,40,39.66,1,7.02,Suburb,443400.0
1518,6,4,2,0,53,26.34,7,9.92,Suburb,223200.0
3544,6,2,2,0,17,37.44,6,7.78,Rural,450300.0
3388,4,3,3,0,49,6.24,6,2.23,Downtown,516300.0
2678,3,2,2,2,19,18.31,1,6.23,Suburb,360100.0
4634,4,1,2,1,20,30.98,6,2.95,Downtown,613900.0
4226,2,4,2,2,39,15.03,6,0.3,Rural,530400.0
3429,3,4,1,0,37,25.48,9,1.8,Suburb,440000.0
4491,2,3,1,0,32,20.71,4,1.03,Uptown,567500.0
4697,1,2,1,2,13,39.68,4,1.96,Suburb,551700.0
3618,1,3,2,2,5,7.37,1,7.96,Uptown,479500.0
1972,4,4,3,2,54,37.45,6,2.93,Downtown,304800.0
4671,1,3,3,0,52,16.36,7,7.57,Rural,533500.0
4446,4,2,3,1,53,18.99,3,9.49,Suburb,516800.0
5908,3,2,1,0,30,21.38,8,5.74,Downtown,743400.0
1323,3,3,3,2,53,10.98,10,4.85,Downtown,268300.0
2805,5,2,3,0,28,38.56,2,7.5,Rural,327900.0
5583,4,3,2,2,4,36.5,6,0.97,Downtown,756700.0
3330,5,1,1,0,11,38.93,7,4.28,Suburb,441600.0
5684,5,1,2,0,16,39.88,1,4.99,Industrial,692100.0
568,1,4,3,2,22,26.96,2,8.31,Suburb,89800.0
693,2,2,3,1,56,18.34,4,8.14,Downtown,64400.0
4878,4,2,2,1,19,34.1,2,8.48,Downtown,672100.0
2471,6,3,2,1,36,1.44,4,6.98,Downtown,358900.0
3361,1,2,2,0,16,33.46,2,5.31,Suburb,394400.0
2854,1,4,1,2,38,20.14,9,8.28,Rural,318500.0
2743,6,1,2,1,34,27.09,6,8.73,Suburb,345600.0
5667,6,4,1,0,9,15.27,4,4.8,Downtown,789400.0
1017,2,1,3,1,27,15.06,8,9.86,Rural,86900.0
4747,3,2,3,0,6,1.75,1,8.75,Suburb,606700.0
5393,4,3,2,0,53,17.24,6,5.1,Suburb,682700.0
4115,2,4,2,1,42,16.63,7,0.69,Uptown,537000.0
2672,2,1,3,0,56,9.38,9,2.24,Suburb,315500.0
1380,3,3,2,0,52,10.27,3,7.76,Suburb,163900.0
4254,4,1,3,1,13,23.57,6,1.11,Uptown,580400.0
3078,2,1,2,1,42,13.05,8,4.7,Rural,350900.0
1321,3,4,1,0,6,33.29,8,6.05,Uptown,206400.0
2478,2,3,1,2,57,4.9,2,8.78,Uptown,314600.0
5788,5,2,1,2,47,23.32,10,8.47,Suburb,733900.0
1959,1,3,2,0,40,6.82,3,7.64,Suburb,217300.0
1481,2,2,2,0,59,21.37,4,4.08,Rural,121600.0
4250,2,2,2,1,50,22.33,2,1.42,Rural,480100.0
1597,6,2,1,2,51,25.87,2,6.7,Rural,160800.0
5559,6,2,3,0,6,17.38,3,1.81,Suburb,742000.0
5224,4,4,2,2,1,20.62,2,5.61,Uptown,730200.0
5909,1,2,3,0,57,7.65,8,9.81,Downtown,737200.0
5519,5,2,2,0,15,18.79,6,5.5,Downtown,731400.0
1840,3,3,2,2,25,15.23,4,6.46,Suburb,261800.0
1666,6,4,2,0,2,26.81,6,6.78,Suburb,272100.0
2384,3,2,1,0,37,17.68,7,8.3,Rural,268600.0
3083,6,4,1,2,49,31.28,2,4.35,Downtown,435400.0
5339,5,2,2,1,50,17.33,3,4.98,Rural,642700.0
4534,2,3,3,1,34,9.81,9,1.76,Suburb,596800.0
4044,5,4,1,2,39,11.31,1,6.15,Downtown,552200.0
5331,2,2,2,1,30,2.29,10,2.96,Suburb,722300.0
4052,3,1,3,1,26,21.83,10,5.08,Suburb,546200.0
2584,2,3,3,0,33,33.32,3,7.67,Rural,293900.0
2771,5,1,2,1,56,30.88,4,0.18,Suburb,343000.0
3343,2,2,1,0,15,17.79,3,5.64,Downtown,434400.0
988,4,4,1,2,28,8.25,6,1.73,Suburb,199900.0
4579,4,2,2,1,36,34.61,3,2.79,Downtown,598900.0
4090,5,3,3,0,34,2.74,8,0.35,Downtown,594600.0
4521,6,3,1,2,1,16.27,4,1.69,Industrial,589200.0
3436,1,1,3,0,17,34.34,10,9.87,Downtown,442300.0
4806,6,2,3,0,38,16.03,9,9.99,Downtown,675100.0
5723,1,3,1,2,41,5.16,5,7.2,Uptown,726600.0
3634,4,1,2,2,44,11.01,6,6.12,Rural,438900.0
2944,3,2,1,2,59,24.2,1,7.77,Suburb,325600.0
1075,4,2,3,1,40,6.51,1,8.97,Rural,109300.0
4782,5,4,2,2,34,26.37,6,5.19,Uptown,611800.0
5471,6,1,1,0,19,17.81,5,0.35,Downtown,724700.0
4347,3,4,1,1,22,13.71,4,7.09,Downtown,580100.0
5260,6,2,2,0,49,10.02,1,9.85,Uptown,647500.0
5236,2,3,1,1,28,33.02,9,2.58,Uptown,679900.0
4889,2,3,1,0,42,16.17,5,4.63,Industrial,569400.0
3265,3,2,1,0,7,29.67,5,3.61,Suburb,420400.0
1049,4,4,2,1,7,17.89,5,3.9,Uptown,235300.0
517,5,1,3,2,12,4.13,5,7.21,Suburb,116800.0
1624,5,1,2,1,11,17.9,7,3.78,Rural,229800.0
2870,2,4,1,1,36,20.55,8,9.41,Uptown,381100.0
4589,2,3,2,1,38,18.58,6,7.9,Downtown,614600.0
3006,6,4,3,1,33,32.74,2,0.28,Downtown,448800.0
627,3,2,1,0,17,36.48,9,8.19,Suburb,97200.0
1656,2,1,1,1,34,31.58,3,7.73,Uptown,172500.0
5885,6,1,1,2,7,23.52,1,5.16,Downtown,771700.0
5934,3,2,3,0,28,21.89,1,4.97,Uptown,759400.0
2574,6,1,1,1,9,25.96,8,8.36,Suburb,331500.0
4927,6,4,2,2,4,11.87,4,4.25,Suburb,702900.0
4456,6,1,3,1,9,32.57,1,1.59,Suburb,591100.0
5621,4,4,2,0,6,34.35,9,3.13,Uptown,751000.0
5381,5,1,2,1,28,11.06,4,2.65,Downtown,712400.0
3958,6,1,1,2,32,36.16,10,6.81,Suburb,542700.0
2670,2,2,1,0,36,34.02,9,1.79,Downtown,387500.0
3946,1,1,1,1,26,17.27,1,6.45,Uptown,476800.0
2255,2,2,3,2,10,36.41,7,4.66,Uptown,329700.0
2414,4,2,1,0,1,5.26,7,8.4,Downtown,374900.0
3848,4,3,1,1,42,1.61,2,4.85,Suburb,490000.0
3642,1,3,3,2,58,14.24,4,9.3,Suburb,415900.0
3695,4,1,2,1,16,22.83,5,9.0,Suburb,469300.0
2615,2,1,2,1,12,14.38,2,1.85,Uptown,387600.0
2750,4,1,3,0,18,37.71,8,6.86,Suburb,358100.0
556,4,1,2,2,12,10.56,3,2.15,Suburb,103500.0
3809,4,1,3,1,13,11.61,10,8.23,Rural,474500.0
3666,3,2,2,2,29,25.58,9,6.36,Suburb,476800.0
5644,3,3,3,1,47,0.65,7,2.94,Downtown,747100.0
3273,5,2,3,1,42,29.24,2,2.49,Downtown,452800.0
3072,5,2,2,1,57,15.41,1,4.3,Suburb,350800.0
872,5,2,1,2,21,39.12,2,8.01,Rural,104200.0
1582,3,3,3,2,29,27.81,5,7.96,Downtown,235600.0
2359,3,2,1,0,22,2.56,8,0.33,Suburb,340200.0
2574,2,1,1,2,2,4.16,2,3.02,Suburb,344000.0
2494,4,2,2,2,23,3.98,8,4.23,Rural,366900.0
2667,1,1,3,0,15,38.13,1,5.86,Downtown,343200.0
4729,3,2,1,0,28,27.52,3,1.5,Suburb,607600.0
1221,2,4,3,2,9,17.39,6,3.35,Downtown,254500.0
2327,4,2,3,2,44,8.42,9,8.86,Suburb,343300.0
1395,6,1,3,1,50,35.01,8,4.77,Downtown,226800.0
2192,6,3,2,1,57,8.46,6,7.44,Suburb,304800.0
4265,3,1,1,2,5,28.41,1,4.85,Uptown,568700.0
757,1,1,2,0,7,30.65,3,4.65,Downtown,142900.0
2367,2,1,1,0,57,12.14,8,6.22,Rural,257300.0
630,1,4,3,2,50,20.44,1,2.59,Suburb,72100.0
5751,5,4,2,0,35,9.31,8,2.5,Suburb,755300.0
4499,6,3,2,1,19,15.47,8,9.89,Suburb,623700.0
1839,4,3,2,1,31,38.62,8,8.69,Suburb,265000.0
1590,2,3,3,1,32,27.88,3,7.38,Rural,163100.0
1044,1,3,2,0,50,33.94,3,1.37,Uptown,115500.0
3100,6,3,3,2,31,21.85,2,0.3,Uptown,438400.0
4644,2,4,3,2,1,9.94,4,1.75,Suburb,644000.0
3713,1,3,3,0,41,28.66,6,9.38,Rural,398200.0
5345,2,1,2,1,46,20.27,2,8.16,Downtown,666100.0
2390,2,2,3,0,17,7.49,6,5.23,Suburb,336200.0
2029,4,4,1,0,6,16.79,3,9.69,Downtown,311700.0
3129,6,2,1,2,8,25.58,6,1.47,Downtown,507000.0
1611,2,1,2,1,50,29.55,4,5.59,Rural,125400.0
5866,5,4,3,1,26,10.11,10,1.83,Uptown,841300.0
1521,1,3,1,2,31,35.1,4,3.06,Downtown,222600.0
3133,1,3,2,2,57,15.49,9,9.4,Suburb,346000.0
3371,1,2,1,2,3,11.21,2,8.68,Rural,422600.0
813,6,1,2,2,12,8.21,1,1.02,Uptown,198000.0
3076,4,2,1,1,49,32.26,2,2.5,Rural,332300.0
3000,5,2,3,1,32,14.49,5,5.95,Downtown,425500.0
1926,1,4,3,0,1,19.59,10,0.61,Downtown,316700.0
1203,1,2,3,2,42,9.3,2,5.5,Rural,158300.0
748,6,1,3,0,8,27.6,8,5.84,Downtown,175800.0
547,1,2,1,2,46,31.35,7,2.91,Uptown,61300.0
3148,1,4,2,2,47,13.91,4,2.93,Uptown,415900.0
994,4,2,1,0,49,37.83,4,2.29,Uptown,108300.0
5776,4,2,2,2,27,1.71,10,9.36,Suburb,739100.0
1846,2,3,2,2,16,5.75,8,3.89,Rural,273900.0
4088,3,3,3,1,52,23.76,3,5.85,Rural,475300.0
4204,5,2,1,1,33,28.21,10,3.02,Downtown,580800.0
3225,3,4,3,2,38,10.4,5,7.03,Suburb,427800.0
5359,3,3,2,1,8,22.39,1,1.01,Downtown,713600.0
1108,1,1,3,0,37,13.08,9,0.72,Suburb,157200.0
1787,3,2,2,0,34,22.39,9,7.44,Industrial,190600.0
1888,5,4,2,2,17,26.54,5,7.27,Uptown,294800.0
1244,4,2,3,1,46,38.93,8,2.65,Suburb,162700.0
2121,6,3,3,0,8,18.5,3,3.55,Suburb,315300.0
2219,1,3,1,2,43,26.1,9,9.57,Downtown,316800.0
4706,1,3,2,0,57,23.33,4,1.04,Suburb,564000.0
2158,4,4,1,0,34,13.04,3,1.83,Downtown,316400.0
5321,2,1,2,1,6,10.5,6,4.3,Rural,639300.0
4749,4,3,3,0,33,39.52,3,2.82,Rural,560500.0
5459,6,3,3,1,31,8.67,7,6.49,Uptown,777800.0
1078,3,1,1,2,33,31.72,8,6.91,Uptown,144700.0
5915,4,3,2,2,16,6.29,5,5.26,Downtown,806900.0
3876,5,1,2,2,37,32.27,8,6.11,Rural,470900.0
5903,1,2,2,0,15,7.84,5,4.33,Downtown,769900.0
2451,6,2,1,0,33,38.7,10,7.6,Suburb,319900.0
5741,2,1,1,2,35,27.6,3,0.42,Suburb,707200.0
3737,5,4,2,1,38,4.06,8,3.13,Downtown,561900.0
895,4,1,2,2,47,27.88,6,6.84,Downtown,162400.0
2755,1,2,3,0,52,24.34,10,3.3,Suburb,345900.0
1257,5,4,2,2,46,13.83,3,0.79,Downtown,247500.0
5677,2,4,2,1,47,10.8,2,3.45,Uptown,737500.0
2174,4,1,2,2,52,28.89,9,7.11,Suburb,292800.0
1722,6,2,3,0,14,29.78,10,1.22,Suburb,322400.0
3540,6,3,2,1,17,13.42,8,7.25,Industrial,484100.0
2838,6,4,2,2,31,35.11,5,7.75,Suburb,375000.0
1033,3,4,1,1,27,11.12,5,6.35,Suburb,174000.0
4990,4,3,3,1,42,3.26,7,2.44,Uptown,687200.0
5151,2,1,3,0,0,24.19,8,8.05,Downtown,719900.0
4586,6,4,1,2,8,4.73,3,2.14,Downtown,660600.0
3892,3,1,2,0,44,11.43,1,9.06,Suburb,460200.0
2714,5,1,1,1,49,20.53,1,7.07,Suburb,307900.0
3483,3,3,3,2,18,11.81,4,0.55,Uptown,507800.0
3365,5,3,1,1,18,8.99,7,7.99,Downtown,496100.0
1409,2,1,1,1,33,28.28,5,5.06,Rural,146300.0
949,5,1,1,0,28,22.11,7,4.53,Rural,100400.0
1892,1,3,2,1,10,33.67,5,4.21,Industrial,226200.0
2998,1,2,1,2,30,23.46,3,6.07,Downtown,392200.0
1381,3,3,2,0,49,19.6,8,7.25,Downtown,217300.0
1086,3,2,3,1,43,10.82,8,8.96,Uptown,205500.0
5185,5,3,3,1,49,31.79,10,2.73,Rural,637900.0
2562,3,2,1,0,38,8.28,9,6.31,Downtown,375400.0
3713,1,2,1,2,52,10.07,4,6.86,Downtown,469100.0
3382,2,2,1,1,14,33.74,8,6.75,Uptown,449400.0
4543,3,3,3,0,2,29.78,4,4.93,Suburb,623000.0
4568,4,3,2,1,6,24.71,9,3.91,Suburb,620800.0
2128,4,3,2,2,59,2.04,7,7.62,Uptown,297900.0
5163,2,3,3,2,38,5.53,9,3.0,Downtown,735900.0
2541,4,1,2,1,14,20.25,3,2.08,Downtown,374400.0
5093,4,4,1,1,51,29.98,1,5.46,Rural,558700.0
2726,5,3,2,2,18,18.83,2,2.68,Uptown,391800.0
1110,4,3,3,0,35,1.18,6,0.33,Suburb,177300.0
4680,5,4,1,0,14,7.78,10,0.52,Rural,603600.0
665,2,4,2,1,5,23.76,7,6.95,Downtown,159100.0
4747,5,3,2,1,16,27.92,9,9.73,Downtown,658900.0
737,1,4,1,1,13,1.82,5,4.55,Uptown,171500.0
1637,1,2,1,0,33,2.21,10,1.47,Downtown,276200.0
3818,6,3,2,2,1,10.82,10,8.18,Downtown,603400.0
5678,3,2,2,1,14,3.8,3,2.61,Uptown,737100.0
2746,4,3,1,2,34,21.91,9,9.96,Suburb,377300.0
1163,4,1,2,2,23,5.39,1,5.63,Suburb,192500.0
1780,5,4,2,2,38,26.1,6,2.33,Uptown,292300.0
5428,2,1,2,1,39,31.2,5,4.96,Downtown,685200.0
4497,2,3,3,1,57,38.84,4,3.35,Rural,482900.0
1052,1,1,1,0,50,37.96,10,7.79,Suburb,113600.0
2616,6,1,2,1,13,11.3,7,1.06,Downtown,455100.0
1954,2,4,1,2,41,1.66,2,8.57,Rural,227200.0
1478,4,4,3,1,37,13.51,2,7.67,Suburb,199500.0
5155,3,1,1,0,35,28.48,2,8.61,Uptown,614900.0
3897,1,1,3,0,47,2.86,4,8.95,Uptown,470100.0
1487,3,4,1,1,8,14.71,1,2.3,Uptown,239500.0
4078,1,4,1,1,22,12.27,3,5.21,Suburb,519500.0
2774,2,1,2,2,48,9.16,8,8.5,Downtown,380800.0
838,1,3,3,2,53,28.39,9,3.77,Uptown,147400.0
2974,5,2,1,1,2,26.53,8,0.6,Suburb,437100.0
1518,4,3,1,1,28,21.65,5,2.92,Rural,181800.0
1848,6,2,3,2,15,36.48,7,2.42,Uptown,303700.0
5334,3,1,1,0,10,4.57,10,8.7,Suburb,679800.0
4406,2,2,1,1,3,6.41,1,4.64,Downtown,593400.0
1237,4,3,3,1,32,15.65,10,6.84,Rural,208000.0
5182,6,4,1,2,40,26.41,8,9.62,Suburb,695900.0
3658,4,1,3,2,31,23.57,4,2.99,Suburb,483200.0
5310,1,4,3,1,22,3.42,5,7.61,Suburb,678200.0
4608,2,3,3,1,46,38.36,5,0.23,Uptown,560400.0
2366,6,4,1,2,39,12.55,2,1.04,Suburb,341800.0
3441,4,4,1,1,54,14.68,3,1.62,Downtown,457700.0
3419,6,1,2,0,20,25.13,3,3.12,Rural,449300.0
4459,4,1,2,0,14,37.83,1,4.03,Uptown,540800.0
1866,1,4,3,2,27,26.68,6,4.77,Industrial,224500.0
2331,6,1,2,1,30,38.21,5,2.45,Downtown,334100.0
1846,5,1,3,0,27,7.91,4,0.66,Uptown,294300.0
2128,5,2,3,2,49,24.94,2,6.78,Uptown,298400.0
1386,6,4,3,2,2,33.24,10,0.24,Rural,267700.0
701,2,4,1,1,31,20.61,7,8.09,Suburb,104500.0
5670,6,3,1,0,25,14.81,5,9.29,Downtown,770500.0
908,2,1,1,2,12,39.4,8,7.1,Suburb,114100.0
5383,6,2,2,0,38,6.07,4,5.96,Suburb,691500.0
516,2,3,1,1,48,16.73,3,6.57,Suburb,69400.0
4775,4,1,3,2,32,35.0,7,6.52,Uptown,622300.0
2306,5,3,1,1,5,36.07,8,9.32,Downtown,354900.0
3347,1,1,3,0,4,39.23,7,9.64,Uptown,424800.0
2052,1,2,3,0,25,35.45,6,4.27,Suburb,267200.0
3198,6,1,1,1,40,2.51,1,6.17,Uptown,412300.0
2983,1,3,1,2,18,37.23,7,8.03,Suburb,353600.0
3413,4,4,2,2,18,17.41,7,0.01,Rural,471900.0
2663,6,1,2,0,51,26.24,5,5.27,Suburb,326000.0
3451,4,4,1,0,0,16.07,3,6.53,Uptown,466600.0
5040,3,3,2,2,4,32.64,10,7.17,Downtown,719600.0
2890,3,4,1,0,9,23.25,4,3.69,Downtown,407500.0
2487,4,4,1,0,59,33.9,3,2.96,Uptown,310200.0
1224,4,1,3,1,29,8.15,8,1.82,Downtown,231000.0
2478,4,3,3,1,9,7.81,5,5.58,Rural,337800.0
1191,1,3,1,0,18,17.89,6,9.19,Downtown,175900.0
1503,4,1,3,0,58,0.69,7,8.96,Downtown,241100.0
5737,5,2,2,0,41,27.87,4,3.6,Suburb,709000.0
991,5,4,2,1,13,12.19,2,2.58,Suburb,201500.0
3151,1,3,1,0,14,22.51,2,7.89,Suburb,369000.0
5088,5,2,2,0,4,3.27,10,7.25,Suburb,727400.0
5742,5,2,2,1,46,7.24,6,5.05,Rural,674200.0
1306,2,4,2,0,8,25.1,5,3.89,Industrial,139600.0
1399,6,2,1,0,17,12.57,4,1.24,Suburb,255100.0
2549,4,1,1,1,20,8.98,8,7.85,Suburb,355500.0
3549,3,3,2,0,37,9.54,10,6.17,Suburb,473500.0
5778,5,4,1,1,36,8.99,8,3.77,Uptown,782900.0
1642,4,1,1,1,47,25.1,6,9.19,Suburb,201000.0
1404,4,2,2,1,17,7.12,5,6.6,Rural,198000.0
1892,2,2,3,1,23,14.83,9,9.29,Suburb,248000.0
5308,6,1,2,2,23,27.67,9,4.74,Rural,684500.0
665,6,3,1,0,2,20.79,4,4.55,Uptown,176300.0
2590,1,2,3,0,44,24.09,10,9.37,Suburb,332700.0
1154,5,1,2,0,32,10.41,9,9.6,Suburb,204200.0
1363,1,2,3,2,28,37.34,9,9.61,Suburb,176800.0
5542,3,4,1,2,59,16.85,1,8.19,Suburb,636500.0
509,6,4,2,2,10,11.84,2,4.62,Suburb,166000.0
2268,2,3,1,1,58,36.22,3,2.1,Uptown,254600.0
5534,3,2,2,1,40,26.38,8,3.83,Suburb,691600.0
3844,2,4,1,1,13,24.75,1,9.38,Downtown,502800.0
894,5,1,3,0,40,35.53,1,3.64,Downtown,137900.0
3057,3,3,1,1,45,2.81,1,7.57,Suburb,383400.0
5840,4,3,2,1,21,33.59,2,9.23,Uptown,739400.0
2702,6,3,1,0,20,27.28,10,9.7,Suburb,386800.0
3407,4,1,3,2,50,14.72,8,9.48,Suburb,418000.0
3425,5,3,2,2,9,10.63,8,5.55,Suburb,493600.0
4132,1,3,3,0,0,4.64,3,4.92,Industrial,496300.0
1529,2,4,2,2,39,37.67,7,9.88,Uptown,206000.0
5118,6,1,2,0,54,6.11,8,2.18,Downtown,691100.0
5937,6,3,1,2,30,10.75,6,1.88,Rural,785400.0
1284,4,4,2,2,8,27.8,9,9.63,Uptown,235100.0
5000,3,2,2,0,32,28.55,6,6.89,Uptown,598300.0
4993,2,3,1,1,15,6.85,4,5.36,Suburb,656300.0
4578,6,1,2,0,49,32.66,7,1.32,Rural,556500.0
2539,5,3,1,2,36,20.66,10,5.13,Suburb,358500.0
3078,2,3,1,0,20,34.01,9,9.44,Downtown,412300.0
5115,4,1,1,0,37,3.95,5,6.03,Downtown,655400.0
1340,4,1,2,0,40,2.19,6,4.05,Suburb,222200.0
5058,3,3,1,0,40,25.66,10,5.51,Downtown,666100.0
5563,6,1,1,0,21,6.43,8,8.86,Suburb,695000.0
4250,1,2,2,1,34,21.24,6,9.13,Uptown,532200.0
2377,2,1,1,1,2,1.06,3,4.0,Uptown,363400.0
3575,1,4,1,1,24,31.31,10,6.08,Downtown,492300.0
775,5,3,2,0,22,36.03,10,2.79,Downtown,172700.0
5624,4,4,1,0,32,33.64,1,4.51,Rural,643900.0
2383,6,1,3,2,57,38.35,1,2.2,Suburb,275900.0
814,4,1,2,0,57,36.17,2,5.31,Downtown,128600.0
4869,1,3,3,0,28,18.04,4,5.78,Uptown,615900.0
4116,3,3,3,1,38,16.23,2,3.38,Downtown,527100.0
3924,1,4,3,0,6,35.9,9,2.72,Downtown,560000.0
797,5,4,2,1,28,37.11,10,1.51,Rural,137500.0
4629,5,4,2,2,41,38.93,2,1.4,Rural,551600.0
4005,6,1,3,0,40,30.85,9,7.11,Suburb,499500.0
4864,3,2,1,2,57,8.48,2,2.22,Rural,545800.0
5050,2,4,3,1,27,37.83,8,1.18,Uptown,682100.0
1665,1,3,1,1,54,37.91,4,9.99,Downtown,196600.0
1658,3,4,1,1,58,26.81,1,2.6,Rural,172300.0
5580,3,3,1,1,34,34.36,5,8.96,Downtown,709000.0
3420,5,1,1,0,5,22.67,9,6.09,Suburb,471800.0
2908,5,2,1,0,22,37.79,10,7.15,Suburb,378200.0
2079,1,4,3,2,45,4.21,2,5.61,Suburb,262200.0
4014,2,3,1,0,34,34.63,9,1.81,Downtown,552400.0
4646,4,1,3,2,56,2.69,3,8.47,Uptown,609100.0
512,3,1,2,1,48,13.89,5,8.28,Suburb,42100.0
3539,1,4,3,2,3,5.85,2,3.5,Uptown,498500.0
5963,6,4,2,1,51,19.43,10,7.64,Suburb,780900.0
2043,5,4,1,1,21,9.67,8,5.43,Uptown,365800.0
2044,4,1,1,1,49,38.11,7,9.09,Suburb,258900.0
